,,egauge24121,egauge28684,egauge27467,egauge20407,egauge13974,egauge30378,egauge26086,egauge16608,egauge5198,egauge19821
,,1,1,1,1,1,1,1,1,1,1
,,1,1,1,1,1,1,1,1,1,1
0.9963019297734956,1.00281501136015
0.9942864797766326,1.0041353528034556
0.9933245018227693,1.0054016419713203
0.9931503719617929,1.006006418541482
0.9958417186092049,1.002937098850176
0.996045365156193,1.0037802520006682
0.996233726321532,1.0039509480401954
0.9934957341120033,1.0039532125722506
0.993580705213035,1.0046511776329639
0.9922464990779009,1.0046529028241988
0.9930621211010573,1.0056956901770566
0.9926024322292273,1.0057803433318262
0.9931388136032947,1.0062464915037546
0.9926831197400292,1.0066524766451144
,,egauge22271,egauge18544,egauge24121,egauge19821,egauge23534,egauge8617,egauge4183,egauge13974,egauge9102,egauge13830
,,1,1,1,1,1,1,1,1,1,1
,,1,1,1,1,1,1,1,1,1,1
0.997048990015837,1.003527682822988
0.9957248495283358,1.0051887375250848
0.9946999490178079,1.0061795989678028
0.9941593152701546,1.0066908422575929
0.9963923828693944,1.0043871387050454
0.9969633905743976,1.0045195336659547
0.9962645718110795,1.0036822863247814
0.9951882812778112,1.0058170464148855
0.9953500496890383,1.0057739887726302
0.9956393649076724,1.0061389698302536
0.9946438863802846,1.0062912919406513
0.9939193089087065,1.0067137113203937
0.9937313720157638,1.006907636249416
0.9938956391662075,1.0072166027907201
,,egauge17073,egauge16616,egauge20407,egauge4183,egauge23534,egauge19821,egauge30378,egauge24121,egauge13830,egauge22271
,,1,1,1,1,1,1,1,1,1,1
,,1,1,1,1,1,1,1,1,1,1
0.9823334060154637,1.0114516329765155
0.9806113330585701,1.0131149169089668
0.9791739096624396,1.0142217394557658
0.9786810155726083,1.0151042857720562
0.9817332442222042,1.012146000466325
0.9818621016521435,1.012121174374702
0.9807174179702972,1.011091372157461
0.9805071157530555,1.013403924453704
0.9801599020562066,1.0136840759170584
0.9795842653806146,1.014464931834618
0.9787030189623501,1.0143333977505096
0.9787579117916684,1.0143212248128075
0.9785101654644939,1.01548596665341
0.9781181182034864,1.0160010327860614
,,egauge15623,egauge23534,egauge13974,egauge3167,egauge32290,egauge19821,egauge16608,egauge28684,egauge9102,egauge26086
,,1,1,1,1,1,1,1,1,1,1
,,1,1,1,1,1,1,1,1,1,1
0.9860399284661233,1.011879220455903
0.984401733965182,1.0133032371339534
0.9830633564177879,1.0144590648708562
0.9822734597089696,1.0151003072809563
0.985935026954014,1.0122128928236898
0.9847205137075996,1.013092901037305
0.9848646639649523,1.0129984252991882
0.9843668327295646,1.0136555367817563
0.983965667088019,1.013221981149396
0.9832127851678543,1.0146461298751193
0.9827478924402865,1.0146079788755349
0.9829239937621186,1.0149475915872415
0.9818179924040763,1.0153280308915844
0.981638576626593,1.0158247768779698
,,egauge23534,egauge16616,egauge32290,egauge16608,egauge19821,egauge4183,egauge26086,egauge13974,egauge20407,egauge18544
,,1,1,1,1,1,1,1,1,1,1
,,1,1,1,1,1,1,1,1,1,1
0.9836969273290759,1.0104886275129952
0.9819368713511568,1.0119681706950239
0.9806860954486352,1.0129357532261287
0.980229113888593,1.0131536004776032
0.9829739018431232,1.0110559696916686
0.9835919736599342,1.0111573353338976
0.9828259566910901,1.0103266599802256
0.9811806390605099,1.0123650215407567
0.9813804381857968,1.0126448229321432
0.9816576500761968,1.012547452043233
0.9804144173721752,1.013244234698683
0.9800350808417961,1.013477606543388
0.979686315414739,1.013030838215985
0.9802725242807768,1.0136955934503824
,,egauge3167,egauge19821,egauge33764,egauge16608,egauge18544,egauge24121,egauge27467,egauge7692,egauge13974,egauge16616
,,1,1,1,1,1,1,1,1,1,1
,,1,1,1,1,1,1,1,1,1,1
0.9893650568531882,1.0119665897482801
0.9884368843883815,1.0134037053677385
0.9875470459508255,1.0145374301365722
0.9867633553992501,1.015085367155441
0.9893036142268635,1.0123002850549374
0.9881688813667322,1.0133073486900164
0.9879976344367409,1.0129774327857652
0.988357996884785,1.0138102662791082
0.9883930463903456,1.013918737608776
0.9879093960325436,1.01356683782293
0.9875073846214443,1.0147682749991689
0.9874682269849807,1.0149445248753675
0.9862994177786604,1.0154362132752623
0.9861511752248585,1.015474609887551
,,egauge13974,egauge9102,egauge28684,egauge18350,egauge17073,egauge15623,egauge16608,egauge13830,egauge32290,egauge5198
,,1,1,1,1,1,1,1,1,1,1
,,1,1,1,1,1,1,1,1,1,1
0.972045719924197,1.0327630671813566
0.9706611625916113,1.0344997562426985
0.9696472442730818,1.0354316691574519
0.9693206929873779,1.035678460634587
0.9713644357533912,1.0334196322914155
0.970560606221837,1.0334989978391336
0.9717149430946176,1.0339866957810908
0.9705733041410336,1.0349526499049773
0.96998801132866,1.035342718536597
0.9704377329992706,1.0352814034488182
0.9692972003526205,1.0356209294993775
0.9693586502602892,1.0361118694139144
0.9689704238763067,1.0356254125391364
0.9692897751894288,1.0361691285360553
,,egauge16616,egauge27467,egauge19821,egauge13974,egauge3167,egauge8617,egauge17073,egauge7692,egauge13830,egauge18158
,,1,1,1,1,1,1,1,1,1,1
,,1,1,1,1,1,1,1,1,1,1
0.9753299070964174,1.0401844974397985
0.9742237751465741,1.0423192635435832
0.9734237408492907,1.0437657603658792
0.973033786679219,1.0443920808252656
0.9746659764301782,1.0405879657487926
0.9751165688602342,1.0416310691364177
0.97411791881037,1.041845545343925
0.9733812322187086,1.0428718747514416
0.9741747478349719,1.0427230265627225
0.9738124658291816,1.0434348763206633
0.9731320017407329,1.0441175286837312
0.9733408838071903,1.0442721886747075
0.9728296702711856,1.0448515408805277
0.9726819251645352,1.0447636664256104
,,egauge24121,egauge13974,egauge30378,egauge3167,egauge30039,egauge18158,egauge20407,egauge33764,egauge18544,egauge18350
,,1,1,1,1,1,1,1,1,1,1
,,1,1,1,1,1,1,1,1,1,1
0.9671156797711945,1.0258151733508483
0.9659971080166789,1.0272963059210618
0.9648939954279332,1.0281554971405584
0.9647959325680256,1.0287509572625952
0.9666534125613074,1.0258813043765418
0.9655055718410887,1.0269698245918588
0.9645261479036291,1.0265190457832971
0.9659291597756103,1.0276827841766443
0.9657851692158286,1.0278813787782388
0.9653864884972793,1.0280138671146004
0.9645104275616836,1.028083000591967
0.9641566453086838,1.0287747486007799
0.9647610870639238,1.0291496605715453
0.9646832076611266,1.0291602866511156
,,egauge8617,egauge4183,egauge27467,egauge28684,egauge22271,egauge30039,egauge16616,egauge18350,egauge33764,egauge20407
,,1,1,1,1,1,1,1,1,1,1
,,1,1,1,1,1,1,1,1,1,1
0.972214394157722,1.0336625312253604
0.9704045763344806,1.0354574641309788
0.9688211178865966,1.0361803032236687
0.967727133773953,1.036454029256008
0.972090298208381,1.0342300100581383
0.9717315326190046,1.0343487080329627
0.9719662403577712,1.035222067871219
0.9702777108996783,1.0360480090094233
0.9701899039566579,1.0364703093635215
0.9697348766597724,1.0364637086708994
0.9685469130142812,1.0363223608963203
0.9686769432083214,1.0365819463439938
0.967077163280197,1.0368790208286172
0.9668537561240562,1.0362867348484115
,,egauge20407,egauge28684,egauge23534,egauge13974,egauge15623,egauge26086,egauge24121,egauge8617,egauge17073,egauge18544
,,1,1,1,1,1,1,1,1,1,1
,,1,1,1,1,1,1,1,1,1,1
0.9658984608576442,1.0355821007426542
0.9642827134585434,1.0378167875871838
0.9636226619744813,1.039166633244564
0.9635186330764318,1.040085014015459
0.9649143565454656,1.0353592759014771
0.9653235553973443,1.0367496828045981
0.9648119977578492,1.0369884891861767
0.9635374291803214,1.0384512335117875
0.9640696362913125,1.0381867705668708
0.962457393436582,1.0394726429988506
0.9633028265874767,1.039214141127391
0.9634794048696306,1.039771270667519
0.9634281832600706,1.0406718842335436
0.9634777036313055,1.0407575811749885
,,egauge19821,egauge16608,egauge30039,egauge24121,egauge7692,egauge18350,egauge26086,egauge5198,egauge33764,egauge17073
,,1,1,1,1,1,1,1,1,1,1
,,1,1,1,1,1,1,1,1,1,1
0.9693673619229162,1.0415870205252564
0.9681156333308816,1.0437493567207188
0.9670944896649863,1.0455101018003279
0.9665174978256257,1.0464622142904172
0.968667098550996,1.0424180837117596
0.9676761192665373,1.0425104068898046
0.9688111708293465,1.0431355421137227
0.9676681589659419,1.0438451104902482
0.9680377774286265,1.0442389540670258
0.9679485719261327,1.0446430651200582
0.9668050068937794,1.045858205839416
0.9670636562054252,1.046006242297118
0.9663429323700424,1.0469150652165036
0.9658094367624475,1.047388271681658
,,egauge22271,egauge26086,egauge8617,egauge15623,egauge9102,egauge33764,egauge24121,egauge30039,egauge18350,egauge16616
,,1,1,1,1,1,1,1,1,1,1
,,1,1,1,1,1,1,1,1,1,1
0.9711002560691522,1.0391016228341323
0.9691000710769718,1.040784142908578
0.9677821959405495,1.0418492569966546
0.9673519258386009,1.042366598810963
0.9710176325615406,1.0401882466875776
0.9702668966823674,1.0406713222345856
0.9708524367506384,1.040334079360854
0.9679225662740565,1.0411872044540762
0.969051350866392,1.0410917097624364
0.9685174110824983,1.0419586506714213
0.9675797591788773,1.041888245552382
0.9667958317708251,1.0426693133508291
0.9670164718348496,1.0426950803648585
0.9671257946708973,1.042748577008434
,,egauge33764,egauge18158,egauge24121,egauge9102,egauge23534,egauge16616,egauge3167,egauge27467,egauge32290,egauge13974
,,1,1,1,1,1,1,1,1,1,1
,,1,1,1,1,1,1,1,1,1,1
0.9690484369896396,1.0281345844069676
0.967986474778859,1.029762139040822
0.9673040081156228,1.030757594213494
0.9665490116278805,1.0310562031473585
0.9683998769715135,1.0287870266005301
0.9667639450181278,1.0288164524506656
0.9683895841957618,1.0283556537781586
0.9679572816889165,1.0300763662363477
0.9672766925163041,1.0304222793860642
0.9678379961362973,1.0304817326945899
0.967319880257295,1.0309201758070798
0.967386261474983,1.0315230026246105
0.9662208773772967,1.031003433384993
0.9657691526882868,1.031633105992243
,,egauge33764,egauge30039,egauge3167,egauge23534,egauge5198,egauge15623,egauge18350,egauge24121,egauge13974,egauge19821
,,1,1,1,1,1,1,1,1,1,1
,,1,1,1,1,1,1,1,1,1,1
0.9628298383784455,1.0367109457515955
0.9607794801861094,1.0386668290273227
0.9594258273989538,1.0398927893046432
0.9586598501877043,1.0407850984772722
0.9625436491290569,1.0373921300625337
0.9610000489986222,1.0381518620080874
0.9626867209316349,1.037559795247111
0.9604902199120773,1.0393760427038523
0.9607023191920168,1.0391324516349634
0.95855938979515,1.0394341479983678
0.9592372429443451,1.040078682521793
0.9589069130221217,1.0399935883989064
0.9581966974882635,1.0412350652337492
0.9580601716012831,1.0416154021163229
,,egauge18544,egauge18350,egauge32290,egauge3167,egauge28684,egauge4183,egauge16608,egauge16616,egauge30378,egauge26086
,,1,1,1,1,1,1,1,1,1,1
,,1,1,1,1,1,1,1,1,1,1
0.9708353001839265,1.0300998791108134
0.9690302359039971,1.0319466146722696
0.9672215502065212,1.0331623060919166
0.9660807081935795,1.0339079148595385
0.9707733515078092,1.0307315991545951
0.9706424110937867,1.0309905587973776
0.9698452269164481,1.02992271943977
0.9689912626486787,1.0323456637341621
0.9688840970586547,1.0325348127307967
0.9688072539386469,1.0327081030391296
0.9668844381251975,1.0333553712366552
0.9669338141871527,1.033523108813919
0.9653066045524227,1.0341651506376208
0.965311523497331,1.0347881496676756
,,egauge30039,egauge13830,egauge18544,egauge20407,egauge13974,egauge5198,egauge15623,egauge16616,egauge3167,egauge7692
,,1,1,1,1,1,1,1,1,1,1
,,1,1,1,1,1,1,1,1,1,1
0.9712347874806369,1.0320479582472295
0.9696454863323434,1.0334614918004716
0.9686803470656782,1.0344954736964804
0.968551045944434,1.0350552412286427
0.9702442509349785,1.0326810789447332
0.9709839277350686,1.0333772407738457
0.9711108396287035,1.033337375365288
0.9690218652946065,1.0332827836436742
0.9689634477688049,1.034082279579568
0.9695524924981339,1.0343046662165607
0.9681957183296053,1.0346458525927926
0.9684744340874233,1.0349186289906436
0.9684950361813972,1.0353431254805219
0.9684172119746789,1.0355678591781212
,,egauge9102,egauge8617,egauge24121,egauge17073,egauge23534,egauge5198,egauge32290,egauge15623,egauge30378,egauge27467
,,1,1,1,1,1,1,1,1,1,1
,,1,1,1,1,1,1,1,1,1,1
0.9686979085585067,1.0306481424079772
0.967048045401716,1.0324930738853308
0.9659238736500448,1.0333474528833153
0.9651703665250411,1.034019871384719
0.9679365436336181,1.0310250840081299
0.9686017002728419,1.0317884358391278
0.9677515516462678,1.0308920132418362
0.9663390760492149,1.0333446347046185
0.9666108661801622,1.033186815936097
0.9669924241737823,1.0333353232431124
0.9657219025046342,1.0333174227865944
0.9658007333471892,1.0337255545127368
0.9643345374709854,1.034254435581421
0.9651396052857809,1.03479926485962
,,egauge16608,egauge32290,egauge23534,egauge9102,egauge30039,egauge20407,egauge3167,egauge5198,egauge18544,egauge13830
,,1,1,1,1,1,1,1,1,1,1
,,1,1,1,1,1,1,1,1,1,1
0.9699913877257907,1.028245957836775
0.968738740289043,1.029882197891004
0.9684938076147532,1.0312170854588623
0.9682907214137934,1.0320274451943243
0.969084688054569,1.0287435511781384
0.9690288556154372,1.0280188715718561
0.9690641051954286,1.0295741309080757
0.9679893903069348,1.0302488582962135
0.9684758268353513,1.0304899733141164
0.9669959410446907,1.029522799628506
0.9684779131324291,1.0313797485838385
0.9684629211476716,1.0316941667278585
0.9682557256399933,1.0324654130829032
0.9679796976892033,1.0327383642146224
,,egauge15623,egauge18158,egauge9102,egauge33764,egauge22271,egauge28684,egauge3167,egauge26086,egauge13974,egauge16616
,,1,1,1,1,1,1,1,1,1,1
,,1,1,1,1,1,1,1,1,1,1
0.9671677369806182,1.0384996508435835
0.9652775889460717,1.040978508774945
0.9638004046055277,1.0423991310361325
0.9628777467787707,1.0430231345279606
0.9666233087558715,1.038891157436321
0.9665727609267648,1.0392523778143938
0.9669583905008944,1.0392606093934211
0.9645992176254763,1.0415727471326885
0.9650896202420554,1.0420083177947492
0.9649876438229317,1.042120866872593
0.963772749739042,1.0425595316392662
0.9629312344974786,1.043365980423197
0.9623080109017664,1.0434512885074791
0.9621728469635912,1.0434391398252767
