,,egauge20925,egauge30378,egauge16616,egauge3166,egauge8253,egauge16608,egauge3167,egauge4183,egauge32290,egauge15623
,,1,0,0,0,0.5,1,0,0.5,0,1
,,1,1,1,1,1,1,1,1,1,1
0.9999623264857811,1.000128805366974
0.9996124658998782,1.0007915281412336
0.9994904567388256,1.0013188441173482
0.9993499233037092,1.001601812898314
0.9990063396465435,1.0004111451177777
0.9999623264857811,1.0010372915585355
0.9999623264857811,1.0010282080603623
0.9996158579028243,1.000933284093959
0.9991914640324859,1.0009130303450413
0.9990549840235196,1.0011197358704953
0.9994987067847468,1.0013767227378003
0.9994408802439829,1.001597418014892
0.9993935243012367,1.0018277334581023
0.9990508219629581,1.001762559965962
,,egauge7692,egauge4183,egauge20407,egauge3167,egauge20925,egauge20358,egauge27467,egauge28351,egauge7731,egauge26086
,,1,0,0.5,1,1,0,0.5,0.5,0,1
,,1,1,1,1,1,1,1,1,1,1
0.9999050542808138,1.0001334618175888
0.9994834901621309,1.0011072684928084
0.9990384651925429,1.0018153731211408
0.9989252384877185,1.0022130731027166
0.9988517061764741,1.0002832305736673
0.9999050542808136,1.00081795879689
0.9989843086165362,1.0003457321549976
0.9994118507493287,1.0011984258661757
0.9993909039581865,1.001330132184053
0.9994834901621309,1.001687217037363
0.9990137292532852,1.0019436186623307
0.9985367076132964,1.0020190476572866
0.9989252384877185,1.0024683374254229
0.9984982301097479,1.0025026703845166
,,egauge30039,egauge3166,egauge28351,egauge13974,egauge7692,egauge19821,egauge33764,egauge16608,egauge17311,egauge20925
,,1,0,1,0.5,0.5,1,0.5,0.5,0.5,1
,,1,1,1,1,1,1,1,1,1,1
0.9959817009811446,1.0013700520732116
0.9959817009811446,1.0013700520732116
0.9959817009811441,1.0013700520732114
0.9959817009811441,1.001468643844579
0.9305398633874846,1.023643522108606
0.995981700981145,1.0013700520732116
0.9959817009811446,1.0013700520732116
0.9959817009811446,1.0013700520732116
0.9959817009811446,1.0013700520732116
0.9959817009811446,1.002025451751535
0.9959817009811441,1.001433146905897
0.9959817009811444,1.0016446536508021
0.9959817009811444,1.0015779280373445
0.9959817009811441,1.0016829530949316
,,egauge2474,egauge8617,egauge15623,egauge13830,egauge23534,egauge32290,egauge20358,egauge20670,egauge16608,egauge8253
,,0.5,1,0.5,0,0,0.5,0,0.5,1,0
,,1,1,1,1,1,1,1,1,1,1
0.9959620692991946,1.0013575469696872
0.9957873160194961,1.0012461458342905
0.9955964907727417,1.001514877826151
0.9954565599128897,1.0017712972315207
0.930521757770522,1.023630688203273
0.9959620692991946,1.0013575469696872
0.9959620692991946,1.0013575469696872
0.9957873160194961,1.0012461458342905
0.9957873160194961,1.0013242379783787
0.9957873160194959,1.0012461458342905
0.9955964907727417,1.0016117329957
0.995511391792128,1.0018685654889292
0.9953263868975928,1.001968099336419
0.9954140159048452,1.0019111030063355
,,egauge22785,egauge23534,egauge18350,egauge33764,egauge32290,egauge3167,egauge18158,egauge13830,egauge15623,egauge20670
,,0,0.5,0,0.5,1,1,1,0,0.5,0.5
,,1,1,1,1,1,1,1,1,1,1
0.9959647819464181,1.0013622097960102
0.9958245585679962,1.0013067406476064
0.9955892297266445,1.0014612419424551
0.9953920725647678,1.0017368920988958
0.9305242597275789,1.0236354737015942
0.9957722856308885,1.0013622097960102
0.9959285381546782,1.0013622097960102
0.9959437845832709,1.0014992517925931
0.9958245585679962,1.0013067406476064
0.995824558567996,1.0013067406476064
0.9955892297266444,1.0015894339032485
0.9955254042857323,1.001718423794382
0.9952619087540697,1.0018680779990556
0.9952538284930094,1.0020048803786823
,,egauge20925,egauge15623,egauge7692,egauge28351,egauge18544,egauge22271,egauge16616,egauge13830,egauge8617,egauge3167
,,1,1,1,0.5,1,1,1,0.5,1,0.5
,,1,1,1,1,1,1,1,1,1,1
0.9959721486476995,1.0013667599151201
0.9959497409391298,1.0013374316505157
0.9959303095190352,1.0013054061256945
0.9959048512408545,1.0012733806074396
0.9305310516769948,1.0236401434156737
0.9957932033762147,1.0013667599151201
0.995929577893188,1.00136675991512
0.9959557678013881,1.001337431650516
0.995879286167461,1.001337431650516
0.99594974093913,1.0015172365977956
0.9959303095190352,1.0013054061256943
0.9959157261318541,1.0013054061256945
0.9958759048843303,1.0012369672240862
0.9959048512408545,1.0013069977045015
,,egauge3167,egauge30378,egauge27467,egauge17311,egauge13836,egauge8617,egauge28351,egauge20358,egauge17073,egauge22271
,,0,1,0.5,0.5,0.5,0,0.5,1,0,1
,,1,1,1,1,1,1,1,1,1,1
0.9959672424871676,1.0013581175882011
0.9958590994858618,1.0012449824461087
0.9957357367148717,1.001654394789974
0.9956657488059047,1.0020936761513983
0.9305265288325228,1.0236312738974915
0.9958479380397374,1.0013581175882011
0.9959033883401411,1.0013581175882014
0.9958590994858618,1.0012449824461087
0.9958027408054566,1.0015827440387843
0.995859099485862,1.001540902042692
0.9956864598167908,1.0016998881968955
0.9957676586357317,1.0017722773270212
0.9956006409788759,1.0023999686349003
0.9956444705394055,1.002469065118093
,,egauge18158,egauge23534,egauge20407,egauge32290,egauge22785,egauge13836,egauge24121,egauge26086,egauge20670,egauge13974
,,1,1,0.5,1,0.5,0,0.5,0,0.5,0
,,1,1,1,1,1,1,1,1,1,1
0.995970203100986,1.0013700520732116
0.9959267664343024,1.0013700520732116
0.9958660649541557,1.0016385706074409
0.9957897033193857,1.0020041067336154
0.9305292589604011,1.023643522108606
0.9957912582431662,1.0013700520732116
0.9959276324448672,1.0013700520732116
0.9959770970998585,1.0013700520732116
0.9958563135855412,1.0013700520732116
0.9959817009811446,1.0018916500931705
0.9958291010168553,1.0017130155138139
0.9959817009811444,1.002009321248693
0.9957245859245869,1.002195285067057
0.995757781770252,1.0023365421966055
,,egauge32290,egauge17073,egauge9102,egauge26086,egauge3166,egauge22271,egauge30039,egauge7731,egauge20670,egauge22084
,,0.5,0,0.5,0.5,0,0,0,0,0,0.5
,,1,1,1,1,1,1,1,1,1,1
0.9959731911598065,1.0013700521321214
0.995897439115929,1.00137005263347
0.9958147202451458,1.0021122904495499
0.9957320014184069,1.0025165511513416
0.9305320150845322,1.0236435221690645
0.9958273241385425,1.0013700521321214
0.9959637041839717,1.0013700521321214
0.9958974391159291,1.0017010139442257
0.9958974391159291,1.0014748870490568
0.995897439115929,1.0021462029501935
0.9958147202451458,1.00226955509345
0.9958147202451458,1.002473854532196
0.9956596543393136,1.0027865032121017
0.9957000820578625,1.0027964863904513
,,egauge15623,egauge18544,egauge16608,egauge22785,egauge20670,egauge19821,egauge20407,egauge13974,egauge2474,egauge32290
,,0,0,0,1,1,0,0.5,0.5,0.5,0.5
,,1,1,1,1,1,1,1,1,1,1
0.9959903688811984,1.0014121235678222
0.9959464505373394,1.0017472197231574
0.99593372200893,1.00196528183632
0.9959209930665986,1.002157700225726
0.9305478572373354,1.0236866995780078
0.9959979006799251,1.0014121235678224
0.9958914786008145,1.0016264179223102
0.9958860607004453,1.0020006740557927
0.9959464505373394,1.0017472197231572
0.9959464506596954,1.0025839608438607
0.9959337220538077,1.0019652818709324
0.9959337225753377,1.0020081604570397
0.9959209937025781,1.002391063328475
0.9958997083460948,1.0021362578139976
,,egauge18158,egauge26086,egauge7692,egauge8617,egauge13830,egauge3167,egauge18350,egauge27467,egauge22271,egauge19821
,,0.5,0,0,0,0,1,1,0,0.5,1
,,1,1,1,1,1,1,1,1,1,1
0.9959827159140101,1.001385208369901
0.9959970731489567,1.0015202290174927
0.9959716150381777,1.0021982979026178
0.9959461565170725,1.002784393408876
0.9305407994667775,1.0236590767996427
0.9958037683964167,1.001385208369901
0.9959401446251226,1.001385208369901
0.99604463710752,1.0015202290174927
0.9959266144163953,1.0015202290174927
0.9959970731489567,1.002121432335976
0.9959716150830137,1.0022479591591538
0.9959716156039514,1.0026488600506427
0.9959461569478705,1.003032529403411
0.9959035872785365,1.0034286450465821
,,egauge20407,egauge19821,egauge3166,egauge8617,egauge15623,egauge2474,egauge26086,egauge24121,egauge13974,egauge4183
,,0.5,1,0,1,0,0,0.5,0.5,0,1
,,1,1,1,1,1,1,1,1,1,1
0.9959780106658492,1.0013674399637207
0.9959463151250544,1.0013403825344236
0.9959463151906011,1.001487808101758
0.9959463151906011,1.001757046395665
0.9305364596094573,1.0236408413226872
0.9957990641484475,1.0013674399637207
0.9959354396149248,1.001367439963721
0.9959463151250544,1.0013403825344236
0.995885924740931,1.0012897341109799
0.9959463151250546,1.0014024518589686
0.9959463152351731,1.0016160040737287
0.9959463151906011,1.0016914039087739
0.9959463151906013,1.0019611357455402
0.9959463151906011,1.0019071025412412
,,egauge15623,egauge18350,egauge18544,egauge24121,egauge19821,egauge26086,egauge17073,egauge22271,egauge3166,egauge23534
,,1,0,0.5,0.5,0.5,0,0.5,1,1,0
,,1,1,1,1,1,1,1,1,1,1
0.9959738919051903,1.0013643058909738
0.9958932489483567,1.0013047845165808
0.9958932489483564,1.0020085622256676
0.9958932489483564,1.002303717883245
0.9305326614538821,1.023637624863589
0.995808468594014,1.001364305890974
0.9959738919051903,1.0013643058909738
0.9958932489483567,1.0014358286405582
0.9958328623711268,1.0019935159761573
0.9957204892129736,1.0019722570532141
0.9958932489483564,1.0021575301048633
0.9958932489483564,1.0023839135206063
0.9958932489483564,1.002325594008756
0.9958932489483564,1.0027650709063514
,,egauge22785,egauge17073,egauge23534,egauge15623,egauge8617,egauge8253,egauge30378,egauge22084,egauge3166,egauge33764
,,0.5,1,0,0.5,1,0.5,1,0.5,0.5,0
,,1,1,1,1,1,1,1,1,1,1
0.9959713752471768,1.0013643058909742
0.9958932489483567,1.001304784516581
0.9958932489483564,1.001330339437843
0.9958932489483564,1.0016017455326982
0.9305303398498992,1.0236376248635917
0.9957924301402232,1.0013643058909745
0.9959288045317954,1.0013643058909742
0.9958787238688768,1.001304784516581
0.9958328623711268,1.0012541382212852
0.9957204892129736,1.0011888628847718
0.9958932489483564,1.0014337010448227
0.9958932489483564,1.001619686011619
0.9958932489483564,1.0016505740955715
0.9958932489483564,1.0020198145156616
,,egauge3166,egauge20358,egauge27467,egauge22271,egauge20670,egauge3167,egauge13974,egauge23534,egauge2474,egauge20407
,,0,0.5,1,0.5,0.5,1,0,0,1,0.5
,,1,1,1,1,1,1,1,1,1,1
0.9959687749901311,1.001358380884215
0.9958478766485537,1.0012460791801356
0.9958033308989586,1.0015489034064449
0.9957906032699974,1.001754031836631
0.9305279419770974,1.023631544096028
0.9953725833137426,1.001358380884215
0.9959693093878793,1.0013583808842148
0.9958478766485537,1.0013791944609782
0.9957874933262653,1.0013158090323953
0.9956751262252226,1.0011795815740516
0.9958033308989586,1.0016688361508497
0.9957501286007223,1.0019476764212547
0.9957587965192307,1.0019435394562408
0.9957906032699974,1.0018742097092728
,,egauge3166,egauge27467,egauge7731,egauge22785,egauge9102,egauge30039,egauge28351,egauge22271,egauge5198,egauge18158
,,0,0,1,1,0.5,0,1,0,1,0.5
,,1,1,1,1,1,1,1,1,1,1
0.9959594539409671,1.0013662422580147
0.9959594586791342,1.0012728643829951
0.9959143263365509,1.001642136386736
0.9959015970698759,1.0019307020484944
0.9305193456312233,1.0236396121373597
0.9953632688656803,1.0013662422580147
0.9958743180159401,1.0015805250082415
0.9959927491672939,1.0012728643829951
0.9959249794682147,1.0012323483738323
0.9958634649328117,1.002044394636396
0.9959143264258147,1.0016752215391815
0.9958504762037196,1.0020602253325877
0.9958871237439975,1.0020108847390619
0.9959015970698759,1.002295290924649
,,egauge4183,egauge3167,egauge17311,egauge13974,egauge28351,egauge22271,egauge30039,egauge28684,egauge22785,egauge7692
,,0.5,0,0,0.5,0,1,0,0.5,0.5,0.5
,,1,1,1,1,1,1,1,1,1,1
0.9959712572596259,1.0013579731951745
0.9958708718067399,1.0012443113530904
0.9958199619928697,1.0016242450897679
0.9958072341531103,1.0017973233511563
0.9305302315389035,1.0236311257114548
0.9958051260781272,1.0013579731951745
0.9959712572596259,1.0013579731951743
0.9958708718067399,1.0012443113530902
0.9958306141635307,1.001212836688199
0.9957556937486368,1.0016595854435608
0.9958199619928697,1.0018351062085569
0.9957561188522255,1.0018385936636978
0.9957927624496535,1.0018847823533097
0.9958072341531103,1.0019581074612283
,,egauge15623,egauge8253,egauge19821,egauge3167,egauge9102,egauge23534,egauge24121,egauge4183,egauge18544,egauge18158
,,1,0.5,0.5,1,0,1,1,0.5,0,0
,,1,1,1,1,1,1,1,1,1,1
0.9959754531516739,1.0013637833254385
0.9959109332201023,1.0012988497847841
0.995892812487339,1.0014774810153424
0.995892812487339,1.0018860786471249
0.9305341012538859,1.0236370885619537
0.9957991981745158,1.0013637833254383
0.9959355736626894,1.0016184326898638
0.9959109332201023,1.0012988497847841
0.9958203546388534,1.0012178191460472
0.995910933220102,1.0014215192514517
0.995880490389602,1.0015312352487453
0.995892812487339,1.001691792508188
0.9958928124873394,1.0021339513949399
0.995892812487339,1.0022935584463297
,,egauge20925,egauge26086,egauge3166,egauge22785,egauge13974,egauge28684,egauge5198,egauge24121,egauge18350,egauge23534
,,0.5,0.5,0,0,0.5,0.5,0,0.5,0,1
,,1,1,1,1,1,1,1,1,1,1
0.9959801388846103,1.0013700520732116
0.9959640070956018,1.0013700520732116
0.9959458852694859,1.0013700520732114
0.9959458852694859,1.001518251384796
0.9305384227165151,1.023643522108606
0.9959801388846103,1.0013700520732116
0.9959801388846103,1.0013700520732116
0.9959640070956018,1.0013700520732116
0.9959640070956018,1.0013700520732116
0.9959640070956016,1.0013700520732116
0.9959335624282686,1.0013700520732112
0.9959458852694859,1.001393190532949
0.9959458852694861,1.0016129682626826
0.9959458852694859,1.0018826628384412
,,egauge16616,egauge13830,egauge20670,egauge23534,egauge30378,egauge7692,egauge28351,egauge24121,egauge22271,egauge13836
,,0,0.5,0,0.5,1,0.5,1,0,0,1
,,1,1,1,1,1,1,1,1,1,1
0.9959716295243224,1.0013700520732116
0.9958914083465445,1.0013700520732116
0.995803302977532,1.0017569273808644
0.9957333163911954,1.0022734002113505
0.9305305747991558,1.023643522108606
0.995931857480626,1.0013700520732116
0.9959716295243224,1.0013700520732116
0.9958914083465445,1.0013700520732116
0.9958914083465445,1.0013700520732116
0.9958914083465445,1.0013912489277859
0.9957909822235751,1.0018189725622082
0.995803302977532,1.0020141990083988
0.9957405517937776,1.0025716252793289
0.9956056532577882,1.0027669416088547
,,egauge15623,egauge22785,egauge28351,egauge27467,egauge22271,egauge23534,egauge7731,egauge30039,egauge8617,egauge18350
,,1,0,0.5,1,1,0.5,0.5,1,0,0.5
,,1,1,1,1,1,1,1,1,1,1
0.9959827585497871,1.0013733452017939
0.9959666267105819,1.0013733452017937
0.9959485048280758,1.001747830293534
0.9959485048280758,1.0019734980033739
0.9305408387397449,1.0236469018124337
0.9959827585497871,1.0013733452017937
0.9960046847673771,1.001480473945997
0.9959666267105819,1.0015349935792726
0.9959666267105819,1.0014950880614581
0.995966626710582,1.0018514015907867
0.9959361819485133,1.0018626312806913
0.9959485048280758,1.0021123405405554
0.9959485048280758,1.0021411784563268
0.9959485048280758,1.0021128696924546
,,egauge5198,egauge22084,egauge16616,egauge17073,egauge33764,egauge4183,egauge2474,egauge8253,egauge22271,egauge18158
,,1,1,1,1,0.5,1,0,1,1,0.5
,,1,1,1,1,1,1,1,1,1,1
0.9959834133455255,1.0013733452163438
0.9958439557281358,1.0014026821706659
0.9957329880832745,1.0015440229747932
0.9957329880832745,1.0019736929287066
0.9305414426343711,1.0236469018273686
0.9959834133455255,1.001373345216344
0.9959834133455255,1.0013733452163438
0.9958439557281358,1.0014026821706659
0.9957634470679065,1.0014026821706659
0.9958247578658579,1.0014026821706659
0.9956878175208804,1.001625150519536
0.9956585132496077,1.0015868799728678
0.9957329880832747,1.0022127151297653
0.9957329880832745,1.0023490286720689
,,egauge20925,egauge20358,egauge20407,egauge18158,egauge8253,egauge2474,egauge8617,egauge17073,egauge33764,egauge13836
,,1,1,0,0.5,0,0.5,1,0,1,1
,,1,1,1,1,1,1,1,1,1,1
0.996464142734153,1.0001438341420004
0.9649112161592212,1.0010935140888582
0.9304052864071573,1.0017159322220361
0.8959063170454091,1.0021200580471892
0.996464142734153,1.0004143613295908
0.033215471424471774,0.033347653349581785
0.03321547142447177,0.03336882302624392
0.9649112161592212,1.001448119185601
0.9649112161592212,1.001285977265469
0.9649112161592212,1.001441830353155
0.9304052864071573,1.0017117963992583
0.9304052864071573,1.0021018794850287
0.8959063170454091,1.0022740304410303
0.838237983733741,1.002613510166175
,,egauge30378,egauge20925,egauge19821,egauge22084,egauge2474,egauge23534,egauge27467,egauge16608,egauge16616,egauge28351
,,0,1,0.5,0.5,1,0,0,1,1,1
,,1,1,1,1,1,1,1,1,1,1
0.9910683562595916,1.00015260997801
0.9910255921570319,1.000895099069181
0.9910255921570315,1.0013574931058498
0.9910255921570315,1.001485650606125
0.8453974048874764,1.0005931183293482
0.9910683548801141,1.000691353990551
0.9910683562595916,1.0016214031168862
0.9909314045921548,1.0010270546444058
0.9910255929208998,1.0011280373428784
0.9909683310289755,1.0015318470313401
0.9910255921570313,1.0015063465851899
0.9910255921570315,1.0015503412563804
0.9910255921570317,1.0015293617807055
0.9910255921570315,1.0016356587197484
,,egauge19821,egauge28351,egauge18158,egauge22271,egauge17073,egauge20407,egauge16608,egauge7692,egauge18350,egauge15623
,,0.5,0,0.5,1,1,0,1,1,0.5,0.5
,,1,1,1,1,1,1,1,1,1,1
0.9939897674798456,1.0006115723812248
0.9323794640496014,1.0069766614023938
0.9323382816569011,1.0069444235641534
0.9322970992758541,1.0069121857325325
0.9939897674798456,1.0008914988858741
0.9939897674798458,1.0006115723812248
0.9939897674798456,1.0008910040096746
0.9049009232308733,1.0069766614023938
0.9048953560692302,1.018952013662058
0.7118639470414277,1.0069766601357917
0.9323382816569011,1.0069444235641531
0.9323382816569011,1.0069444235641534
0.932230203444175,1.0068755309292001
0.9323266154950424,1.0069121857325325
,,egauge15623,egauge28351,egauge17311,egauge24121,egauge28684,egauge19821,egauge8253,egauge3167,egauge8617,egauge20358
,,1,0,1,1,1,0,1,0.5,0,0.5
,,1,1,1,1,1,1,1,1,1,1
0.9939850290786364,1.0006115723806501
0.9323345107358763,1.0069766611019833
0.9322462751429228,1.0069444230286657
0.9321580396034768,1.0069121849619669
0.9939850290786364,1.0006115723806501
0.9939850290786364,1.00061157238065
0.9939850290786364,1.0006115723806501
0.9048398057409892,1.0069766611019833
0.9048453592210829,1.0189520131034973
0.7118296244486587,1.006976659833595
0.9322462751429226,1.0069444230286657
0.9322462751429228,1.006944423028666
0.9320777804640499,1.006875530162524
0.9321285313385054,1.006912184570547
,,egauge18544,egauge20407,egauge15623,egauge13836,egauge26086,egauge8253,egauge22084,egauge2474,egauge18158,egauge32290
,,0.5,1,0,0.5,0.5,0.5,0.5,1,1,1
,,1,1,1,1,1,1,1,1,1,1
0.9968341070579995,1.0000927093934708
0.9647558083506923,1.0007477979365487
0.9647251656554363,1.0010303411440755
0.9646945228946348,1.0011821083787047
0.9968341070579995,1.0005383311357576
0.9968341070579995,1.0000407465532448
0.9968341070579995,1.0006051703933285
0.9049287034514376,1.001233279262376
0.9048953582194381,1.0010992443953401
0.9647558092804153,1.0009409441119042
0.9647251657042498,1.0011377995218238
0.9647251656554364,1.0013195339763097
0.9646596817232019,1.001422489407485
0.9646945228946348,1.0011178584490663
,,egauge7692,egauge13974,egauge28684,egauge19821,egauge17311,egauge20358,egauge7731,egauge9102,egauge2474,egauge16608
,,0.5,0,0.5,0.5,0,0.5,1,1,0,0
,,1,1,1,1,1,1,1,1,1,1
0.9968245524290468,1.0001461857323846
0.9645163602326047,1.001207486512162
0.964359280123137,1.0017651615249685
0.9642980280408829,1.0021692624516412
0.9968245524290468,1.0003173569224355
0.9968245524290466,1.0007785006953531
0.9969368880509228,1.0006169404490592
0.9046735887559992,1.0018355061539372
0.9048058466073807,1.0014202426708279
0.9640729865342037,1.0016520954829689
0.9643316059436339,1.0018681460276124
0.964267097503306,1.0019902678476604
0.964228383411357,1.0023953342694039
0.9642980284738878,1.0025124928201936
,,egauge4183,egauge23534,egauge22271,egauge8253,egauge18350,egauge3166,egauge17311,egauge13830,egauge18158,egauge33764
,,0.5,0,0,0.5,0,0.5,0,1,0,1
,,1,1,1,1,1,1,1,1,1,1
0.9968171547055412,1.0001362124225222
0.964586172874467,1.000852002991121
0.9643978638067368,1.001429765127283
0.9642570048567427,1.0018144508090605
0.9968171547055412,1.0004374954503474
0.9968171547055412,1.000986835856937
0.9968171547055412,1.0010903318909068
0.9048660199538525,1.0014078771275061
0.9047382488783028,1.0010038970309618
0.9645307203060379,1.0011947205202958
0.9643780955486222,1.0015000565391585
0.9643671326927613,1.001579763362051
0.9640968467290778,1.0020768872450843
0.9642570048567429,1.0020717398768968
,,egauge8617,egauge13830,egauge20407,egauge20358,egauge18544,egauge17073,egauge15623,egauge4183,egauge7731,egauge20670
,,0.5,0,0,0.5,0.5,0,0.5,1,1,0.5
,,1,1,1,1,1,1,1,1,1,1
0.9968229690721164,1.0001460386228942
0.9646478801823748,1.0011083451711151
0.9645070021276511,1.001698312521162
0.9643661242047755,1.0020959573386419
0.9968229690721164,1.0003147060280826
0.9968229690721164,1.000736999409856
0.9968229690721164,1.0010642508408896
0.904800949952851,1.0013040146590535
0.9047953994119888,1.001537441223782
0.9646478801823748,1.0018674801131842
0.9645070021276511,1.0017603533904034
0.9645070021276511,1.0018912382057583
0.964205944504746,1.0023511862236112
0.9643661242047755,1.0023855144965315
,,egauge9102,egauge20407,egauge18158,egauge13974,egauge5198,egauge8617,egauge7731,egauge32290,egauge13830,egauge20670
,,0,1,0,0,0,0.5,1,0.5,1,0.5
,,1,1,1,1,1,1,1,1,1,1
0.9967931818163065,1.0000933250335988
0.964326409742748,1.00087641860052
0.9640956289603844,1.0014369534618313
0.9639180925682106,1.0017574930483315
0.9967931818163065,1.000347992140034
0.9967931818163065,1.000614082831265
0.9967931818163065,1.0009045881603342
0.904497663880744,1.0013175984297689
0.9643167211426448,1.0010992215517367
0.9635510055752599,1.0013647234482155
0.9640719159851595,1.0015816849579744
0.9640649093090907,1.001501232447311
0.9637649606592161,1.0019251306638575
0.9638464324948978,1.0020469346303764
,,egauge8253,egauge17073,egauge9102,egauge13830,egauge27467,egauge3166,egauge28351,egauge28684,egauge20407,egauge20358
,,0,0.5,1,0,1,1,0.5,1,0.5,0.5
,,1,1,1,1,1,1,1,1,1,1
0.996829898001878,1.0001086612824115
0.9647143513795575,1.0008049062006585
0.9646469508247878,1.0011715287922744
0.9645795503002085,1.0013637464181508
0.996829898001878,1.0003130074976676
0.9968298980018783,1.0008619797231764
0.996829898001878,1.0005330261285243
0.9048569627641742,1.001504030136471
0.9647046590723222,1.0011685089261015
0.9647143513795572,1.0015859759562875
0.9646469508247878,1.0012356020739863
0.9646469508247878,1.0013750486240844
0.9645029151302812,1.001454560450596
0.9645795503002085,1.0016021300291382
,,egauge18350,egauge17311,egauge4183,egauge9102,egauge3167,egauge23534,egauge28351,egauge17073,egauge5198,egauge30039
,,1,1,0,1,0,0,0,0,1,1
,,1,1,1,1,1,1,1,1,1,1
0.9968268061635543,1.0001278673941427
0.9646810356918102,1.0010624176386196
0.9645726334142181,1.0017307862508245
0.9644684822103631,1.0020193544680485
0.9968268061635543,1.0002604421003247
0.9968268061635548,1.0004695657994194
0.9968268061635543,1.0008577902567077
0.9048261077449444,1.001430563925261
0.9646810356918102,1.001173828962335
0.9646810356918101,1.0018561223191516
0.9645489063279015,1.0017928295118919
0.9646238687354425,1.0022132835913975
0.9643918575428131,1.0021651676646448
0.9644070168823728,1.0022874320543702
,,egauge20925,egauge13836,egauge16616,egauge20407,egauge19821,egauge8253,egauge5198,egauge20670,egauge22084,egauge7692
,,1,0.5,1,0,1,1,1,1,1,1
,,1,1,1,1,1,1,1,1,1,1
0.9968249031339868,1.0001101294045576
0.9647689864076284,1.000815995069072
0.9647689874218679,1.0009981823397422
0.9647689884361075,1.0009597936365286
0.9968249031339868,1.0003780523686425
0.996466723037896,1.0010483064206692
0.9968249031339868,1.0002359953378093
0.9049075643197009,1.0012095402594998
0.9647592934471989,1.0014114032707857
0.9647689864076284,1.0008932492126494
0.9647689874218677,1.0010436405210925
0.9647689874218679,1.0012552236506982
0.9647689895563415,1.0008287684763244
0.9647689884361075,1.0010882889905819
,,egauge3166,egauge9102,egauge16608,egauge28351,egauge8253,egauge19821,egauge24121,egauge20407,egauge15623,egauge32290
,,0,0,0.5,1,0,0.5,0.5,1,1,0.5
,,1,1,1,1,1,1,1,1,1,1
0.9968186392019123,1.00009499759723
0.9646059273875917,1.0007419759824665
0.9644221961879536,1.0008655324433606
0.9642384652125757,1.001019234182118
0.9968186392019123,1.0002506501381616
0.9968186392019123,1.0009623337685642
0.9968186392019123,1.0006908989417762
0.904756551953549,1.000865349676691
0.9646059273875917,1.000934359182749
0.9646059273875917,1.0020764659708783
0.9644221961879536,1.000936836437979
0.9644221961879536,1.0007955009941139
0.9640852727223257,1.0011138950458456
0.9641565364383125,1.001137028240342
,,egauge22084,egauge17073,egauge27467,egauge3167,egauge3166,egauge30378,egauge13830,egauge18158,egauge16616,egauge24121
,,0.5,0,0,1,1,0,1,0,0,1
,,1,1,1,1,1,1,1,1,1,1
0.9968186392019123,1.000131337327297
0.9646059273875917,1.0009008535875494
0.9644221961879536,1.001485035432299
0.9642384652125757,1.00183125948888
0.9968186392019123,1.0004133432494868
0.9968186392019123,1.0010094431593382
0.9968186392019123,1.0010376564425414
0.904756551953549,1.000981861651648
0.9646059273875917,1.0010010011538317
0.9646059273875917,1.0017707470704973
0.9644221961879536,1.0015553314295587
0.9644221961879536,1.0017100673550232
0.9640852727223257,1.0021301641844718
0.9641565364383125,1.001970607801301
,,egauge26086,egauge2474,egauge32290,egauge16608,egauge22271,egauge23534,egauge33764,egauge18350,egauge30039,egauge18158
,,0.5,0.5,0.5,1,0.5,0,0,0,1,0
,,1,1,1,1,1,1,1,1,1,1
0.9964634875596255,1.000136531327366
0.9649105855370383,1.0011917967996296
0.9304046826408537,1.0019128646870634
0.8959057401288029,1.002349144237544
0.9964528381495203,1.0005572075199465
0.9964634875596253,1.0007283129904165
0.9964634875596255,1.0003820480401417
0.9649105855370383,1.0013049122865247
0.9649105855370383,1.001556580139195
0.9649105855370386,1.0018483843690775
0.9304046826408537,1.0020411249712604
0.9304046826408537,1.002073670735
0.895905740128803,1.0025825601765277
0.8382374516970147,1.002735379784675
,,egauge23534,egauge13836,egauge2474,egauge28351,egauge20358,egauge7692,egauge33764,egauge22084,egauge18544,egauge15623
,,1,0,1,0.5,0.5,0.5,0,0.5,0,0.5
,,1,1,1,1,1,1,1,1,1,1
0.9974773528992867,2141474228.8623457
0.9974248091313369,2141492825.45993
0.9973674330023456,2141513065.5999951
0.9973674330023456,2141513065.5999951
0.956879204595451,24246632147.787903
0.9970790857492278,2141627493.1026158
0.9971789142631204,2141570963.6240847
0.9974248091313369,2141492825.45993
0.9974248091313369,2141492825.45993
0.9974248091313369,2141492825.45993
0.9973674330023456,2141513065.5999951
0.9972714957918706,2141546922.388951
0.9973674330023456,2141513065.5999951
0.9970996588090162,2141513065.5999951
,,egauge16608,egauge18544,egauge30378,egauge32290,egauge30039,egauge22785,egauge17073,egauge20925,egauge33764,egauge20407
,,0.5,1,0.5,0.5,1,0,0.5,0,1,0.5
,,1,1,1,1,1,1,1,1,1,1
0.9974871872797324,2141505351.0068731
0.9974871872797322,2141494724.7952814
0.997487187279732,2141483159.4471092
0.997487187279732,2141483159.4471092
0.95688856555173,24247008886.377857
0.9970889154854136,2141658617.4768913
0.9973166230915087,2141640784.081942
0.9974871872797322,2141494724.7952816
0.9974871872797322,2141494724.7952816
0.9974871872797322,2141494724.7952816
0.997487187279732,2141483159.4471092
0.997487187279732,2141463813.460295
0.9974871872797322,2141483159.4471092
0.997487187279732,2141483159.4471092
,,egauge17311,egauge8617,egauge9102,egauge2474,egauge7731,egauge30378,egauge20670,egauge3166,egauge16608,egauge18350
,,0.5,1,0,0.5,0,0.5,0.5,1,0,0.5
,,1,1,1,1,1,1,1,1,1,1
0.9974846036110245,2141520090.6880653
0.9974541428290526,2141499190.9346108
0.9975159708509602,2141516539.7540157
0.9974904650248649,2141533888.5747118
0.9568861062393521,24247183604.252556
0.9970863330368236,2141673358.2088401
0.997314039945328,2141655524.6900911
0.9972222784560102,2141476271.789272
0.9974541428290526,2141499190.9346104
0.9975888099087574,2141411966.4789896
0.9975406636560848,2141516539.7540157
0.9976012817044441,2141516539.7540152
0.9974904650248652,2141533888.5747118
0.9974478173510808,2141562908.8950589
,,egauge22785,egauge27467,egauge30378,egauge26086,egauge13974,egauge7731,egauge3166,egauge20358,egauge2474,egauge8617
,,1,0.5,0.5,0.5,0,0,1,0.5,1,0.5
,,1,1,1,1,1,1,1,1,1,1
0.9974981886405125,2141506816.3339431
0.9976006231260272,2141498846.6635547
0.9977134933291194,2141490172.6394222
0.9977390092390389,2141481498.6156135
0.9568990373025754,24247021997.174946
0.9970999116508327,2141660082.9084988
0.9973276222273298,2141642249.5017824
0.9976006231260273,2141498846.6635547
0.9976006231260273,2141498846.6635547
0.9976006231260272,2141498846.6635542
0.997738191917392,2141490172.6394222
0.9977988241627477,2141490172.6394222
0.9976306366298681,2141481498.615614
0.9977816737912035,2141466989.1040554
,,egauge30039,egauge13836,egauge5198,egauge28684,egauge26086,egauge13830,egauge7731,egauge3166,egauge19821,egauge3167
,,0,0.5,1,1,0,1,1,0,0.5,0
,,1,1,1,1,1,1,1,1,1,1
0.9962607352673796,1.0005272219891603
0.9630135953828973,1.0052436994540965
0.9266754280131462,1.0103932770949626
0.9262643355067798,1.0103932751885965
0.9962181498086031,1.0007270811550468
0.9962607357005295,1.0011259472299574
0.9962607352673796,1.0005826620112277
0.9630135953828973,1.0052436994540965
0.9630135953828973,1.0052436994540965
0.9630135953828971,1.0052436994540968
0.9266754280131462,1.0103932770949626
0.8666201420454831,1.0190041208330187
0.030859897354621166,0.03367977579029838
0.9262643342966539,1.010393274185618
,,egauge22785,egauge22271,egauge32290,egauge17311,egauge20925,egauge30039,egauge3167,egauge18158,egauge26086,egauge28684
,,1,1,0,0,0.5,0.5,0.5,0.5,0.5,0.5
,,1,1,1,1,1,1,1,1,1,1
0.9968437819199011,1.0001264512289438
0.9648032285223179,1.0010050827775632
0.9288790129280267,1.0014909736571787
0.9288555824624527,1.0017986984221041
0.9968437819199011,1.0001960766323321
0.9968437819199011,1.0008898111107114
0.9968437819199011,1.0007841725495399
0.9648032285223179,1.001217788100558
0.9648032285223179,1.001274504354362
0.9648032285223177,1.0016816848409928
0.9044686137123427,1.0015364582831134
0.9288790129280264,1.0016838521689095
0.9288289417502181,1.0020246713737069
0.9288555824624527,1.0019809252973555
,,egauge8617,egauge3166,egauge22785,egauge22271,egauge13974,egauge20670,egauge24121,egauge16616,egauge13830,egauge30378
,,0,1,0.5,1,0,0.5,0,1,0.5,0
,,1,1,1,1,1,1,1,1,1,1
0.9963010122217333,1.0012541213717387
0.9633842972063164,1.0124275350216148
0.9274066256416862,1.0246243223323726
0.9274066248167424,1.0246243219125568
0.9963010122217333,1.0012541213717387
0.9963010122217331,1.0012541213717387
0.9963010122217333,1.0012541213717387
0.9633842972063164,1.012427535021615
0.9633842972063164,1.012427535021615
0.9633842972063161,1.0124275350216148
0.927395306196195,1.0246115797049609
0.8672944319356105,1.0450516074538168
0.9274066242826177,1.024624321640608
0.9274066242276451,1.0246243216125968
,,egauge8617,egauge13836,egauge30378,egauge17073,egauge22271,egauge33764,egauge16608,egauge4183,egauge20358,egauge20925
,,0,0.5,0,1,0.5,1,0,0,1,1
,,1,1,1,1,1,1,1,1,1,1
0.9963023334496796,1.0012557754541762
0.9633991692573165,1.0124463575844995
0.9274367440566028,1.0246624205364756
0.9274367440566028,1.0246624205364756
0.9963023334496791,1.0012557754541762
0.9963023334496791,1.0012557754541762
0.9963023334496791,1.0012557754541762
0.9633991692573165,1.0124463575844995
0.9633991692573165,1.0124463575844995
0.9633991692573167,1.0124463575844995
0.9274367429340731,1.0246624199662369
0.8673222161889718,1.045090601875508
0.9274367440566028,1.0246624205364754
0.9274367440566028,1.0246624205364756
,,egauge22785,egauge18350,egauge13974,egauge23534,egauge20670,egauge18158,egauge24121,egauge20407,egauge8617,egauge19821
,,0,1,1,0.5,0,0.5,1,0,0.5,1
,,1,1,1,1,1,1,1,1,1,1
0.9963023337463087,1.0012557755571987
0.9633991732684163,1.0124463590290813
0.9274367523830975,1.024662423539212
0.927436751909608,1.0246624233010322
0.9963023337463087,1.0012557755571987
0.9963023337463087,1.0012557755571985
0.9963023337463087,1.0012557755571987
0.9633991732684163,1.0124463590290813
0.9633991732684163,1.0124463590290813
0.9633991732684163,1.0124463590290813
0.9274367523830975,1.024662423539212
0.8673222297322755,1.0450906064677206
0.9274367513731161,1.0246624230310213
0.927436751909608,1.0246624233010322
,,egauge33764,egauge17311,egauge7731,egauge8617,egauge16608,egauge9102,egauge26086,egauge24121,egauge8253,egauge22271
,,1,1,0,1,1,0.5,1,0,0,0
,,1,1,1,1,1,1,1,1,1,1
0.9955565153250147,1.0010562282979527
0.9507510267149287,1.0120798778821207
0.950622532625131,1.0116906457959172
0.950622532625131,1.0116906457959172
0.9955565153250147,1.0010562282979527
0.9955565153250147,1.0010562282979527
0.9955565153250147,1.001058892962943
0.8919241637818649,1.033381642700837
0.9261325570947463,1.0120798778821207
0.9507510279887141,1.0120798777353077
0.9505720107868985,1.0114480127672527
0.9505319107965607,1.01163643951462
0.950622532625131,1.0116906457959172
0.9506225326251309,1.0116906457959172
,,egauge13974,egauge3166,egauge22084,egauge20407,egauge8617,egauge18158,egauge33764,egauge17311,egauge2474,egauge7731
,,0,0.5,0,1,0.5,0.5,0.5,1,0.5,0
,,1,1,1,1,1,1,1,1,1,1
0.9923241418450162,1.000129614796932
0.9240993199786759,1.000757930605108
0.8496301935858355,1.001343984739607
0.8496301935858355,1.0017158055654665
0.9923241418450162,1.0004642503138248
0.9483072684672543,1.0003816019242864
0.9921149412149717,1.0017096782018275
0.9239520417652468,1.000903555923497
0.9239428402479416,1.0008958687567313
0.9240993199786759,1.0014324589043608
0.8496301935858355,1.0014804294271389
0.725186565248836,1.0014511099409742
0.8496301935858357,1.0019331548878962
0.8496301935858356,1.0020955116027899
,,egauge22271,egauge13830,egauge18350,egauge20407,egauge13974,egauge20925,egauge17311,egauge8617,egauge19821,egauge33764
,,0.5,0,1,0,1,0.5,0,1,0.5,0
,,1,1,1,1,1,1,1,1,1,1
0.9948577449296145,1.0001568052845058
0.9491135820767067,1.0012294982246186
0.8990969422063938,1.0019426297775695
0.8992941978088919,1.0025488281783892
0.9948577449296145,1.0005764608064756
0.9948577449296145,1.0007119476733062
0.9948577449296145,1.0004243933982904
0.9491135820767067,1.0016652672384379
0.9491135820767067,1.001340724999411
0.9491135820767067,1.0017514912358008
0.8990969422063937,1.0020129636862865
0.8151692669416313,1.0019646568293659
0.899518480077758,1.0030524098450457
0.8992941978088919,1.0028614204643518
,,egauge23534,egauge18158,egauge2474,egauge24121,egauge17073,egauge30378,egauge19821,egauge3167,egauge7731,egauge5198
,,1,1,1,1,0.5,1,0,0,1,1
,,1,1,1,1,1,1,1,1,1,1
0.999797542790423,1.000131329543129
0.9979968387863449,1.0010795888270927
0.9960304234248114,1.0018092551590347
0.9961768833474216,1.0020760878211736
0.999491779120498,1.000489232493997
0.9991585655669087,1.000785658536831
0.9981222248447646,1.0007284030991244
0.997996834535628,1.0012112625514014
0.9979968402533375,1.0013937261646453
0.9979968391472099,1.0014854563519717
0.9960304235750819,1.0021444270783455
0.9924975912932265,1.0019378792099016
0.9963434101721791,1.002338605248623
0.9961768833474216,1.0022905507094488
,,egauge30039,egauge20670,egauge7731,egauge26086,egauge17073,egauge17311,egauge20407,egauge23534,egauge24121,egauge2474
,,1,0,0.5,1,1,1,1,0.5,0.5,0.5
,,1,1,1,1,1,1,1,1,1,1
0.9997682521772896,1.0001311424392703
0.9977061758664737,1.0008312932784031
0.9956896243802331,1.0011501894195802
0.9957850905645408,1.001323175433938
0.9996004154628971,1.0004232451464259
0.9997682521772896,1.0008583735464986
0.998289954307093,1.0009829667234578
0.9976456594037746,1.0011816008952679
0.9976355743583021,1.0011606591911646
0.9971869997756138,1.0010824252087727
0.9956896243802333,1.0010881977187929
0.9921582275728857,1.0015465976568054
0.9958936368149396,1.0013887313176861
0.9957850905645408,1.0015796716314078
,,egauge7692,egauge22785,egauge7731,egauge18350,egauge28684,egauge16616,egauge20407,egauge5198,egauge22084,egauge30378
,,0.5,1,1,0.5,1,0.5,0.5,0.5,0.5,0.5
,,1,1,1,1,1,1,1,1,1,1
0.9998727721962498,1.000091777054247
0.9991544344027798,1.0007576179517745
0.9984922463258105,1.0012626745391207
0.9983645979464897,1.0016601338168243
0.9993926102386775,1.0002629372361758
0.9982505380734286,1.0002274451010498
0.9995057773722064,1.0008674207017245
0.9991140196837026,1.0008535535504464
0.9990736088377457,1.0009500047705275
0.9976865481629914,1.0011856197802844
0.9983110002539256,1.0012792093839142
0.9980441286985278,1.001401929371874
0.9983283095602375,1.001842330880049
0.9981195259186267,1.002056780551665
,,egauge27467,egauge13836,egauge5198,egauge8617,egauge16608,egauge28351,egauge15623,egauge22084,egauge18158,egauge22785
,,0.5,0,0,0.5,0.5,0.5,0.5,1,1,0.5
,,1,1,1,1,1,1,1,1,1,1
0.9999316520241041,1.000110742961822
0.9993016656434097,1.0005659482281253
0.9988892279016469,1.0008547790160611
0.9986913002686951,1.0011430479766807
0.9998589757493812,1.000535485627723
0.999944515013827,1.001131174525809
0.999642956581427,1.0005465618643823
0.9989858188457631,1.0006772942381028
0.9992814542881705,1.0007076664063839
0.9984927948833723,1.0008321246585363
0.9988562527989068,1.0009291550662924
0.9985983472026791,1.0006728331495252
0.9984041727926376,1.0013834179346308
0.9983291409348077,1.0012715711171205
,,egauge3167,egauge22084,egauge4183,egauge22785,egauge28684,egauge22271,egauge20670,egauge32290,egauge9102,egauge13836
,,0.5,0,1,1,0,0.5,0.5,0,0,1
,,1,1,1,1,1,1,1,1,1,1
0.9999353221384412,1.0001493063234972
0.9993805098826296,1.0011490337288216
0.9992135517877125,1.0018784606925975
0.998824088067486,1.0022698314891827
0.9998039450884096,1.0002801971014106
0.9999353221384409,1.0016359910906818
0.9995187103965556,1.0006124047511855
0.9985424697721941,1.001199676792101
0.9993805098826296,1.0013820418343957
0.9992862207482713,1.0018638823221626
0.9992135517877125,1.0019818891753303
0.9992135517877125,1.0021893947138711
0.9986353197795004,1.0023792189995029
0.9984504768812416,1.0027633708240884
,,egauge4183,egauge19821,egauge22785,egauge30378,egauge13836,egauge5198,egauge17311,egauge18544,egauge15623,egauge30039
,,0,0.5,0.5,1,0.5,0,1,0,0.5,1
,,1,1,1,1,1,1,1,1,1,1
0.998371646104559,1.0001541686305624
0.9983716472287153,1.0010863128183813
0.9983716484444972,1.0017043552741514
0.9983716496602796,1.0020250087474423
0.998371646104559,1.0005123197029935
0.9482884387347442,1.001494095765124
0.9983716459819933,1.0005028378116638
0.9983716472287155,1.0012281181211669
0.9983716472287155,1.001567755892429
0.9983716472287152,1.0013568502066585
0.9983716484444972,1.001753987607555
0.9983716484444972,1.002079571860396
0.9983934243539925,1.0021562392562167
0.9983396300897105,1.0023681806714755
,,egauge33764,egauge13836,egauge13974,egauge18350,egauge28351,egauge24121,egauge18544,egauge5198,egauge20925,egauge2474
,,0.5,0.5,0.5,0,0.5,0,1,0,0.5,0.5
,,1,1,1,1,1,1,1,1,1,1
0.9999375111127372,1.000142501485243
0.9996171945578901,1.0010216544688757
0.999388372523996,1.0016388022508653
0.9991265396913068,1.001959413193425
0.9997795661417186,1.000439356766498
0.9991350344728752,1.0010798503536067
0.9984577481170333,1.0006295396679667
0.9996171945566188,1.0011938396406623
0.999142305248395,1.0012122365338576
0.9996171945578901,1.0014855030332424
0.9993710550846713,1.0017794314037245
0.999388372523996,1.0017888374848027
0.999112010861606,1.0021562589529303
0.9987101020645845,1.002206020914572
,,egauge20358,egauge28684,egauge33764,egauge8617,egauge2474,egauge26086,egauge17073,egauge22084,egauge18544,egauge7731
,,1,0.5,0,0.5,1,0,1,1,1,0.5
,,1,1,1,1,1,1,1,1,1,1
0.9999227698007568,1.0001137018112551
0.9992222682878558,1.0008932891118987
0.9989605206499689,1.0013470866998042
0.9988838789472402,1.001821571309488
0.9997797057973319,1.0002741666142343
0.9991365989088025,1.0005432917748835
0.9984593113001602,1.0009109721487492
0.999003425233384,1.0010553192466158
0.9984626424446486,1.0010756019280667
0.9992222682878555,1.0016771106635072
0.9988780808163471,1.0014173712499785
0.9988207790771166,1.0011543285519635
0.9986676929219025,1.0021204725731832
0.9987984470440359,1.002175386939023
,,egauge33764,egauge18544,egauge27467,egauge20670,egauge30039,egauge18158,egauge7731,egauge28351,egauge3167,egauge20358
,,0,1,0,1,0.5,1,0,0.5,0,0.5
,,1,1,1,1,1,1,1,1,1,1
0.9983804452641261,1.0001593424595727
0.998486525463105,1.0010888373641975
0.9984510421207751,1.0016186182458444
0.9984191244778942,1.0018494206369877
0.9983804452641263,1.0005360680512012
0.9482967139743123,1.000968549449202
0.9983804452641263,1.0010762969476987
0.9985975977779937,1.0013015637074576
0.9984562380482608,1.0015079296974498
0.9988333228804179,1.0017023752509582
0.9984963635458185,1.0017633807982145
0.9983336377111081,1.0018222454467147
0.998382833782876,1.001944174532145
0.9984191244305347,1.002095996330975
,,egauge13836,egauge20358,egauge19821,egauge18158,egauge15623,egauge4183,egauge22785,egauge32290,egauge17073,egauge3167
,,1,0,0.5,1,1,0.5,1,0.5,1,1
,,1,1,1,1,1,1,1,1,1,1
0.9999158974904104,1.0001450165523194
0.999221744427491,1.0008423612312847
0.9985817753032471,1.0011796323608597
0.9984285854662128,1.0013974868024076
0.9996198344358053,1.00063285762936
0.9999158974904104,1.0007261528134879
0.9994017777717453,1.0016106111193153
0.9989838492654537,1.001176596039205
0.9991712226263281,1.0009942535317167
0.9990839680262834,1.0013061115843007
0.9982627531553458,1.0012085659267485
0.9981122810035655,1.0013081610639358
0.9982834396514348,1.001572340321696
0.9983858903499663,1.0015046188933296
,,egauge5198,egauge13974,egauge17073,egauge18158,egauge17311,egauge22271,egauge30039,egauge7731,egauge22084,egauge30378
,,1,0,0.5,0.5,1,1,1,0,0,0
,,1,1,1,1,1,1,1,1,1,1
0.9999258511207231,1.0001674140036938
0.9996593471713746,1.0013547826820286
0.9995047354502443,1.0024412762123218
0.9995047354502443,1.003231451679914
0.9990182863945598,1.000370173007905
0.9999258511207231,1.0007979090735724
0.9996638267386634,1.0009910382765634
0.99902288293449,1.0016394857143058
0.9993333319333085,1.0014560994080302
0.9990546593133123,1.0019330627007925
0.9993775694047846,1.0025075114227888
0.9995047354502443,1.0027738827093362
0.9992182545980983,1.0037719816161266
0.9994883335213225,1.0037577935878375
,,egauge5198,egauge30378,egauge8617,egauge2474,egauge19821,egauge26086,egauge20670,egauge9102,egauge20925,egauge7731
,,1,0,0,0,1,0,0.5,1,0,1
,,1,1,1,1,1,1,1,1,1,1
0.9999245202248769,1.0001611956297998
0.9992097694567075,1.001342272501464
0.9987102538551555,1.00194404925752
0.9986017355267025,1.0024474344877425
0.9990165697270701,1.0003610905263665
0.9999245202248769,1.001135941871688
0.9996853428831409,1.0006547075008214
0.9992198743973376,1.0015943793383124
0.9986644603987452,1.0019403821698032
0.9991550036061072,1.002019143915719
0.9986896484981967,1.0020767699201858
0.9979314876880412,1.0021505189257867
0.998616256084132,1.0029874659505698
0.998398931043605,1.0029732910117783
,,egauge7731,egauge16616,egauge15623,egauge20925,egauge3167,egauge24121,egauge18158,egauge22271,egauge13830,egauge30039
,,0,1,1,0.5,0,0.5,0.5,1,0,0.5
,,1,1,1,1,1,1,1,1,1,1
0.9999546196882546,1.0001323295114095
0.9996153486472624,1.0010827195082104
0.9993314474194739,1.0018420993428179
0.999331448636607,1.002233415305762
0.9999576026545943,1.000569958897538
0.9995514301776113,1.0002522581090005
0.9993781915163561,1.0005877122091158
0.9996052390966683,1.0013562424287807
0.9996153486472622,1.0012143937386968
0.999345453116922,1.0014375284936123
0.9992860835666881,1.0019868999673136
0.9989682882595166,1.0021851969737228
0.9993532481025417,1.0024011469455087
0.033308704403877794,0.033423274934701194
,,egauge33764,egauge3167,egauge20358,egauge20407,egauge9102,egauge19821,egauge7692,egauge26086,egauge5198,egauge17311
,,0,0,0,0,0.5,1,1,1,0.5,0.5
,,1,1,1,1,1,1,1,1,1,1
0.9983771578069998,1.000126270009194
0.9983232091718304,1.001019038703906
0.9982829696511053,1.001535641680921
0.9982638226013052,1.00174717305801
0.9983771578069998,1.000542337096614
0.948293624017608,1.0004261519247355
0.9987615844702026,1.0007664179590439
0.998232371002119,1.0013128074879272
0.9983232092140297,1.0011712316127497
0.9984387543861991,1.0020391035134704
0.9980413648945826,1.001568722673172
0.9981869283062337,1.0019644023713477
0.9982638226341471,1.0018856499645372
0.9982318072312727,1.0018972274912803
,,egauge18350,egauge17073,egauge15623,egauge2474,egauge16616,egauge8617,egauge28684,egauge20670,egauge22785,egauge7731
,,1,0.5,0,0,0,1,0.5,1,1,0
,,1,1,1,1,1,1,1,1,1,1
0.9999230327941082,1.00011858585765
0.999289407863888,1.0009089272566944
0.9986971739623669,1.0013725504073745
0.9981805896652114,1.0016289786179842
0.9997267321292442,1.0002653257727345
0.9996901675133372,1.0008904418555813
0.9999230327951646,1.000768083927447
0.999289407863888,1.0011530682393914
0.999289407863888,1.0013242610097632
0.9986215183141915,1.0010791849886018
0.9986848108053992,1.001451846051955
0.9986010854200847,1.001666312674515
0.9975882248325443,1.0016581238319033
0.9981805896652114,1.002076079907361
,,egauge8253,egauge13974,egauge26086,egauge13836,egauge18350,egauge22271,egauge19821,egauge28684,egauge17311,egauge20925
,,0.5,0,0,0.5,1,0.5,0.5,0.5,0.5,0
,,1,1,1,1,1,1,1,1,1,1
0.9999543516749011,1.0001585628236278
0.9997157964469673,1.0012622608149462
0.99958070784493,1.00191965578876
0.999574315362519,1.002195465552574
0.999497038612084,1.0002936960265492
0.9999543516749009,1.0007692085587871
0.9996790761115326,1.0010561498557666
0.9996753548878541,1.0017343006009511
0.9995504195454121,1.0013939629572102
0.9994381494878857,1.0020552007961447
0.999508848537686,1.0021116059595117
0.9994077311479603,1.0021384227411227
0.9995541241114326,1.002297550752986
0.999574315362519,1.0025065158974222
,,egauge24121,egauge20670,egauge13836,egauge3167,egauge22785,egauge15623,egauge28684,egauge8617,egauge18350,egauge19821
,,0,1,1,0,1,0.5,0.5,0,0.5,0.5
,,1,1,1,1,1,1,1,1,1,1
0.9983904338704294,1.0001382832988637
0.9985847215533403,1.0009777945071061
0.9986453253273897,1.0017129423107394
0.9986453253232668,1.0022327481689126
0.9983904338704294,1.0003900392364704
0.9483061117642594,1.0007063149278321
0.9983904338704294,1.0011208565650984
0.9985847215533403,1.0010993234096492
0.9985504907630282,1.0010486821397744
0.9991050847890797,1.0014031793164804
0.9986865359025872,1.0017832572149312
0.9986453253273897,1.001905871382874
0.9986453253186425,1.002327544920075
0.9986453253232668,1.002962499141034
,,egauge28684,egauge27467,egauge7692,egauge8617,egauge5198,egauge13836,egauge18544,egauge22785,egauge7731,egauge28351
,,1,0,0.5,0.5,0,1,1,0,1,0
,,1,1,1,1,1,1,1,1,1,1
0.9999476469084134,1.000139834482997
0.9996615419608479,1.001064267190684
0.9994038986575484,1.0016983823669807
0.9993463857613835,1.0019933502219471
0.9995371781946537,1.0003356187493595
0.9997872519110028,1.0009999377600647
0.9989009763855846,1.0004726748782358
0.9994538549736053,1.0012263300417725
0.9996615419608479,1.0012060688025297
0.9992983199331061,1.0019156884724698
0.9992678100276665,1.001867982283651
0.999403898656669,1.0018484281365956
0.9992809929474941,1.0022120821184275
0.9993463857613839,1.0021648951181505
,,egauge23534,egauge7731,egauge32290,egauge20925,egauge18350,egauge22084,egauge15623,egauge16616,egauge30378,egauge13836
,,0.5,1,0.5,0,0.5,0.5,0,1,1,1
,,1,1,1,1,1,1,1,1,1,1
0.9999164052433633,1.0001194149813526
0.9993073920896034,1.000874433929834
0.9987013094032658,1.001412813632188
0.9982101494229371,1.0017911418771066
0.9997312336724585,1.000512456641437
0.9995579873978233,1.0008576279893688
0.9989846334519744,1.0003731349971554
0.9993073920896034,1.0012703886669723
0.9992669700679188,1.0010060757663541
0.9991917436783184,1.0012879912715635
0.9987013094032658,1.0014955089529147
0.9985091532609708,1.0014770907994606
0.9977024885102797,1.0018858892477602
0.033271181837596184,0.033409480087435585
,,egauge5198,egauge16608,egauge8253,egauge13830,egauge17073,egauge27467,egauge7731,egauge22785,egauge20925,egauge28684
,,1,0.5,0,1,1,0,0.5,0,0.5,1
,,1,1,1,1,1,1,1,1,1,1
0.9999212529806325,1.0001234791151832
0.9995738506225106,1.0010314386277728
0.9992574801777377,1.0015493183717563
0.9989956880331149,1.0018121616532143
0.9990133059893596,1.000329605591378
0.9997277829745304,1.000695536762697
0.999818786752745,1.000549271792031
0.9993109149653434,1.0012237486898603
0.9994626643009101,1.0013049798376863
0.9994823054042249,1.0018628698455854
0.9992203671954929,1.0016568427414987
0.9992574801777377,1.0017314916367517
0.9989811614587732,1.0020089731613475
0.0332859771707567,0.03339874091764425
,,egauge26086,egauge32290,egauge28684,egauge22785,egauge22084,egauge18350,egauge5198,egauge30039,egauge17073,egauge16616
,,0,0,0.5,1,0,0.5,0.5,1,0,0
,,1,1,1,1,1,1,1,1,1,1
0.9983931466986788,1.0001604332834886
0.9986220942353126,1.001149320294692
0.998601643827232,1.001895887376396
0.9985569538859096,1.0023449990211286
0.9983931466986788,1.0006012138217024
0.9483086609545188,1.0007804442743398
0.9983931466986788,1.0006337855279868
0.9984694972507882,1.001220222304172
0.9987432850243645,1.0018381525818023
0.9991562612944074,1.0014005465653426
0.9986181267226869,1.001945530929916
0.9986016438272319,1.0022711887917921
0.9985569538859098,1.002598176141032
0.9984822289296397,1.002747782216571
,,egauge3166,egauge13836,egauge24121,egauge13830,egauge7692,egauge13974,egauge3167,egauge2474,egauge17311,egauge22084
,,1,1,0,0,0.5,0,0,0,0,0
,,1,1,1,1,1,1,1,1,1,1
0.9999656120559489,1.0001394309099285
0.9997010961537082,1.0011953638092759
0.999701096153708,1.0020007659357362
0.999701096153708,1.002572173336831
0.9996396875209835,1.0002280727954784
0.9993613872571706,1.0010497305017554
0.9995271505643578,1.0006531479902216
0.9997010961537082,1.0014182506842977
0.9992059613543216,1.001306792626117
0.9997010961537082,1.0017655693990268
0.999701096153708,1.0020421402794106
0.9997010961537077,1.0022902907337323
0.033323369871790263,0.03342271999548677
0.9997010961537082,1.0033730341056035
,,egauge28684,egauge3167,egauge26086,egauge20358,egauge33764,egauge18544,egauge2474,egauge20407,egauge13830,egauge22084
,,0,0,1,0,0,0.5,0,1,1,0.5
,,1,1,1,1,1,1,1,1,1,1
0.9984123914894367,1.000115833871932
0.9988044760582848,1.0008354358133447
0.9983395841623177,1.0011895214316728
0.9980907749035448,1.0014779121247988
0.9984123914894367,1.000387570600711
0.9483267620758501,1.0003983529898102
0.9984123914894367,1.0009476204863392
0.9990065236079338,1.0011392722941075
0.9988347770879187,1.0012280759845118
0.9988044763440078,1.0015505901310495
0.9983395841623177,1.0013055770206312
0.9974120349565188,1.0010289134334416
0.9978514067669882,1.0016017710153131
0.9980267594427398,1.001777978648642
,,egauge7731,egauge8617,egauge13836,egauge32290,egauge17073,egauge33764,egauge22785,egauge7692,egauge27467,egauge20925
,,1,1,0,0.5,1,0.5,0.5,0.5,0.5,0.5
,,1,1,1,1,1,1,1,1,1,1
0.9999191450581543,1.0001320658669064
0.9993811808366723,1.000979256454931
0.999038016107633,1.0015459411171235
0.9989996881484045,1.0019499318662901
0.999746172500507,1.0005070631178887
0.9989812108982001,1.000307416207514
0.9999191450584815,1.0012207690303143
0.9989367118085812,1.0011007855775775
0.9991790916331905,1.001212217834777
0.9992335104252574,1.001481756700204
0.9989914270357222,1.0015955641616756
0.9985149204093012,1.001695959865112
0.9989706353491192,1.0022124101083791
0.9989783256017764,1.0022394391286034
,,egauge30039,egauge23534,egauge3167,egauge20407,egauge9102,egauge32290,egauge2474,egauge13836,egauge15623,egauge7692
,,1,1,1,1,1,1,0.5,1,0,0
,,1,1,1,1,1,1,1,1,1,1
0.9998987612693634,1.0000954585260464
0.998995898330574,1.0006106240247468
0.9987273218824445,1.0012404626134799
0.9987273218824445,1.001490387430217
0.9995838898605266,1.000466245801176
0.9990872712315467,1.0007626539320709
0.9992631704720394,1.000315924756494
0.9984137602701303,1.0004697231479693
0.9984225602235258,1.0007161777149356
0.997284314875511,1.0004947972605103
0.9985707432342752,1.0012983358763048
0.9986632585763775,1.0017334030503102
0.9987273218824447,1.001648932969591
0.9987273218824447,1.0016939838630419
,,egauge28351,egauge2474,egauge16608,egauge22785,egauge7692,egauge18158,egauge20925,egauge24121,egauge19821,egauge17311
,,0,1,1,0,1,0,0,0,0,1
,,1,1,1,1,1,1,1,1,1,1
0.9963141180288797,1.000134666460513
0.9961984684057207,1.0011493163830487
0.996166312946797,1.001883893906051
0.9961663130513438,1.0023394506750753
0.9963141180288799,1.0003466201529791
0.8814640926094065,1.0006967694394815
0.9963141180288799,1.0006954382926698
0.9960373973444406,1.001321527510044
0.9961984684057207,1.0012607391377206
0.9961984694269339,1.0018583675890942
0.9961704217496248,1.0020038740635087
0.9961024431416343,1.0020554166622087
0.9961663130219497,1.002769906206565
0.9961663132673864,1.0024681553552994
,,egauge16616,egauge8617,egauge18544,egauge20358,egauge13974,egauge7692,egauge5198,egauge17073,egauge30039,egauge15623
,,0,0.5,0,1,0,0.5,1,1,0,0.5
,,1,1,1,1,1,1,1,1,1,1
0.9963124241518319,1.0001454142627475
0.9961802139760558,1.0010036034283192
0.9961416938836379,1.0016805939591136
0.9961416939882463,1.002090147951472
0.9963124241518319,1.0005936692968396
0.8814626297322602,1.0004558252055826
0.9963124241518319,1.0010996669548118
0.9961802139760558,1.001104878216831
0.9961802139760558,1.0012827026583435
0.995834645014811,1.001293443233938
0.9961458025663454,1.0017633154175902
0.9960671822301282,1.002039111473212
0.9961416939588349,1.0024693982013504
0.9961416942044142,1.0022758756969399
,,egauge30039,egauge16616,egauge9102,egauge3166,egauge18544,egauge3167,egauge17073,egauge22271,egauge13830,egauge18158
,,1,1,0.5,0,0,0,0,0,0,0.5
,,1,1,1,1,1,1,1,1,1,1
0.9963238799923088,1.0001471667344637
0.9963099620738314,1.0012476984375012
0.9962956086621343,1.002083026789491
0.9962956087666444,1.0024551819631107
0.9963238799923088,1.0005141561405575
0.8814725230244854,1.0002611536914128
0.9963238799923088,1.000605778821841
0.9963099620738314,1.0013895307686962
0.9963099620738314,1.0016559050867953
0.9963099620738314,1.0015182873915829
0.9963161562313475,1.0022278686897301
0.9962210833887118,1.0025013332567771
0.9962956087372601,1.0026302537947247
0.9962956089826117,1.0028218713425932
,,egauge22084,egauge23534,egauge3166,egauge22271,egauge8253,egauge18350,egauge22785,egauge5198,egauge20670,egauge27467
,,1,0.5,1,0,0.5,0,1,0.5,0,0.5
,,1,1,1,1,1,1,1,1,1,1
0.9963358658225325,1.0001022289364982
0.9964457257024194,1.0009573806990206
0.9964071934641497,1.001500758669203
0.9964071935685951,1.0019368375448128
0.9963358658225324,1.0000292013166212
0.8814828737950475,1.0008591522312587
0.9963358658225324,1.000303440624149
0.9965263079385916,1.0013934066748544
0.9966371336236153,1.0010890354414568
0.9964457257024194,1.001303321998782
0.9964113034423583,1.0015214331366464
0.9963326583165675,1.0016584927648242
0.9964071935392288,1.0021409702116244
0.9964071937844314,1.002365801228867
,,egauge20925,egauge15623,egauge4183,egauge20407,egauge33764,egauge2474,egauge17311,egauge18544,egauge16616,egauge13836
,,0.5,1,0.5,1,1,0,1,0.5,1,0
,,1,1,1,1,1,1,1,1,1,1
0.9963215140686582,1.0001116918917408
0.9962887659984344,1.0008241853243338
0.9962060070652317,1.0014681454546634
0.9962060069080744,1.0018337054186714
0.9963215140686582,1.0004422376858222
0.8814704842924767,1.0004077117242962
0.9963215140686582,1.0007108855694256
0.9963693332190844,1.0006723506099435
0.9962887659984345,1.0010320657192953
0.9962887659984344,1.0011912713452202
0.9962060070652317,1.0015136288588848
0.996067628193283,1.0018218135635026
0.9962060068786402,1.0018774345463184
0.9962060066915779,1.0023806435349074
,,egauge8617,egauge28351,egauge3167,egauge9102,egauge27467,egauge18544,egauge30039,egauge16616,egauge20925,egauge4183
,,0.5,0.5,0.5,1,1,1,0,0,0,1
,,1,1,1,1,1,1,1,1,1,1
0.9963215140629628,1.0001463994588282
0.9962887658617264,1.0013501414506674
0.9962060067707995,1.0022010576410918
0.9962060064561008,1.0025026206858934
0.9963215140629628,1.0003165288153362
0.8814704842486778,1.0005253887385444
0.9963215140629628,1.000418847207328
0.9963693330824475,1.001491990934751
0.9962887658617264,1.0017199231484473
0.9962887658617264,1.0020988271429068
0.9962060067707993,1.0024080185457458
0.9960676278985497,1.0026403353993363
0.9962060064266439,1.002728781339915
0.9962060059792227,1.0026742686323786
,,egauge23534,egauge8253,egauge8617,egauge22084,egauge32290,egauge13836,egauge3166,egauge4183,egauge17073,egauge17311
,,1,0.5,0.5,0,1,0,0.5,0.5,0.5,0.5
,,1,1,1,1,1,1,1,1,1,1
0.99992204909869,1.000121851961686
0.9993200796254191,1.0010142068104757
0.9991865659661896,1.0015112358126712
0.999109903464645,1.0017868960118204
0.9995032705226325,1.0004787559245143
0.9990640367562204,1.000384665445669
0.9994382019960406,1.0004554521026812
0.9993200796254191,1.0017190958552582
0.9984215873931588,1.0009534527735666
0.9993200796254191,1.002000482636411
0.9991783190476196,1.0015484510397774
0.9991117852612842,1.0017898729711319
0.9990372657591619,1.0020222884070735
0.9990885381385378,1.0019369574645294
,,egauge22084,egauge33764,egauge18544,egauge13836,egauge3167,egauge28684,egauge7731,egauge16616,egauge32290,egauge2474
,,0,1,1,0,1,0,0.5,1,1,1
,,1,1,1,1,1,1,1,1,1,1
0.9998716995136118,1.000125750577087
0.9987927609902975,1.0007909527253136
0.9976367765330585,1.0010609169730866
0.9965929902008016,1.0011506264464758
0.9998716995136118,1.0009129318323224
0.9992154842291717,1.000685698521181
0.9992443595355609,1.000990733044683
0.9987927609902975,1.0013021156910598
0.9987523637213431,1.0008922020793094
0.9987927609902975,1.0012546749465718
0.997603850546499,1.0011849144972809
0.9975301476664852,1.0011251674539012
0.9959488849045025,1.0010878424250058
0.9957949231267212,1.0013969989265845
,,egauge4183,egauge27467,egauge22084,egauge32290,egauge18350,egauge15623,egauge30039,egauge22271,egauge17073,egauge13830
,,0,0,0.5,1,0,0.5,0.5,0.5,0.5,0
,,1,1,1,1,1,1,1,1,1,1
0.999904841116361,1.0001452820878776
0.9990665411081466,1.0010348801302056
0.9981526423539884,1.0018742468808528
0.9972671876331948,1.0022912350212154
0.9999048411163608,1.000504741913323
0.9992894142376174,1.0010055213158389
0.9995720697628031,1.0007148223827325
0.9984242052075131,1.0009741246128585
0.9990665411081464,1.0011868069670937
0.9990665411081466,1.0013827244581903
0.9981897100825574,1.002024771947224
0.9980139442823523,1.0022924503142108
0.9968180163745431,1.0025611153410838
0.9964471929283135,1.002591589593996
,,egauge13830,egauge7692,egauge27467,egauge2474,egauge26086,egauge20407,egauge17073,egauge22271,egauge22785,egauge33764
,,1,0.5,1,1,0.5,1,0,1,0.5,0.5
,,1,1,1,1,1,1,1,1,1,1
0.999870469303198,1.0001148951746255
0.9989339217959625,1.0008716896060004
0.9985540746329505,1.0014985586825467
0.9982477930288601,1.0016459747661437
0.9995177620607478,1.000371668407815
0.9989429362635655,1.0004299603808735
0.9995258102824721,1.0008907226571184
0.9983108985932755,1.0010774500078872
0.9987319395099108,1.0012059360394214
0.9972608440102404,1.0005820927162148
0.9985540746303254,1.00167762442633
0.033278731732822066,0.033395432058149155
0.997996348268462,1.0016824073288106
0.9980984109598872,1.0018779551321821
,,egauge8617,egauge18158,egauge9102,egauge30039,egauge4183,egauge20358,egauge2474,egauge28684,egauge20670,egauge18350
,,1,0.5,0.5,0,0.5,1,0.5,0,1,1
,,1,1,1,1,1,1,1,1,1,1
0.9999273734917689,1.0001175675256677
0.9995289117745112,1.0009924131146115
0.9991586530093424,1.0014604489316152
0.9990308979242573,1.0016655499188016
0.9994439947075152,1.0001986263010452
0.999590023435169,1.0008172156696988
0.9991757327876047,1.0005899128878075
0.9995390205324204,1.0015161298998554
0.9994682642898973,1.0012253781515317
0.999336131426082,1.0012147726495868
0.9989937505842167,1.001539013528915
0.9991586530093424,1.001706911529075
0.9988230295900685,1.0018510890986594
0.9989240920416509,1.0017834339968301
,,egauge18350,egauge3166,egauge8617,egauge4183,egauge27467,egauge22084,egauge3167,egauge9102,egauge26086,egauge20925
,,0,0.5,0,1,0.5,0.5,0.5,1,1,0
,,1,1,1,1,1,1,1,1,1,1
0.9999316873289353,1.0001167337132462
0.9993179419807019,1.0009506976329496
0.9987828207669749,1.0015512127224986
0.9986870456288105,1.0020065640577647
0.9999316873289353,1.000309299463199
0.9996816173240427,1.0007269086888486
0.9999316873289353,1.00060123435396
0.999176039053319,1.0011544939060768
0.9992573096307155,1.0012963477508943
0.9991950346049012,1.001491858218359
0.9987704563564183,1.0015967005715696
0.9980786068253555,1.0017265640794062
0.9985781482397127,1.0022471789563583
0.9986870456288105,1.0024226664623495
,,egauge23534,egauge32290,egauge22084,egauge7731,egauge22271,egauge4183,egauge8617,egauge15623,egauge28684,egauge16616
,,0,0,1,0.5,0,0.5,0,1,0,0
,,1,1,1,1,1,1,1,1,1,1
0.9999635014353422,1.0001356144268903
0.9996341502077677,1.001195331025369
0.9993093798822194,1.0017950511722211
0.999053923402447,1.0021735036728479
0.9999635014353422,1.0005892589482035
0.999799634899562,1.0007531226717357
0.9987393759279873,1.0000410427835495
0.9996341502077677,1.001529705169237
0.9996341502077677,1.0016209438161765
0.9994394222525692,1.0016979595172688
0.999297007786002,1.001890195102048
0.9992239048792325,1.0019451140745947
0.9987634669186162,1.0023412236905906
0.9990539233247103,1.0025700596494695
,,egauge13974,egauge18158,egauge20358,egauge23534,egauge19821,egauge5198,egauge2474,egauge30039,egauge13836,egauge13830
,,0.5,0.5,0,0,0,0,0.5,0.5,0.5,0
,,1,1,1,1,1,1,1,1,1,1
0.9999633153287786,1.0001874802364878
0.9997270625821428,1.0015743281455238
0.9994585793545396,1.0023763989476335
0.9994307055153282,1.002774362123373
0.9995810088480429,1.000413574598839
0.9996243704649145,1.0008805171087116
0.9999633153287786,1.0008147502791942
0.9997270625821428,1.0018682894987356
0.9997270625821428,1.0023654451142872
0.9996591114992134,1.001845021369649
0.9992977416332776,1.002459188306413
0.033314573506834734,0.03342828424642581
0.9992781227942658,1.0030589974551882
0.9994307055153282,1.0030212068290036
,,egauge2474,egauge22084,egauge17073,egauge23534,egauge8253,egauge3166,egauge4183,egauge18544,egauge32290,egauge20925
,,0,1,0.5,0.5,1,1,0.5,0.5,1,0
,,1,1,1,1,1,1,1,1,1,1
0.03308446942891156,0.03333627956524819
0.0330821480899526,0.03335942703009547
0.0329136485997459,0.0333777509975378
0.03270700589288194,0.03338202424680541
0.03308446942891156,0.03334652501206441
0.025025065725319942,0.03334490500864148
0.033095779384378826,0.0333636931281817
0.0330821480899526,0.033367865904439215
0.0330821480899526,0.03336111440241358
0.0330821480899526,0.03336328976165269
0.0329136485997459,0.03338105856176458
0.03291119201516483,0.03339311182172749
0.0327058218469852,0.03338032460746663
0.03236324202174002,0.03339166892565099
,,egauge18544,egauge3166,egauge7731,egauge13830,egauge5198,egauge30378,egauge3167,egauge16616,egauge8253,egauge27467
,,0.5,1,0,0,0.5,0.5,0.5,0.5,1,1
,,1,1,1,1,1,1,1,1,1,1
0.9999126084875809,1.0001271983702702
0.9991435103482347,1.000845884596033
0.9984622220664079,1.0012994920660137
0.9978501802367358,1.0015558981686539
0.9992060011305984,1.0005873675249355
0.999350784890288,1.0003132072147873
0.9999126084875809,1.001044502427138
0.9991435103482347,1.001099069693796
0.9984561885814686,1.0009775220043704
0.9986619439256871,1.0014940371134382
0.9984498623664323,1.0013491006963449
0.9983768327319459,1.0015244747118792
0.997248564610747,1.0015874421751125
0.03325705107277318,0.0333982536509138
,,egauge17073,egauge23534,egauge28351,egauge26086,egauge32290,egauge3166,egauge17311,egauge27467,egauge19821,egauge9102
,,0.5,0.5,0,1,1,0.5,0.5,1,0.5,1
,,1,1,1,1,1,1,1,1,1,1
0.999905817676487,1.0001304000663365
0.9990904263391159,1.0009394164033456
0.9986359949133142,1.0016209220109173
0.9980238748312872,1.0020185571867142
0.9992480138104193,1.0005424950480748
0.999366104680218,1.0008845088578278
0.999905817676487,1.0009642744594847
0.9989692029968597,1.001243290186335
0.9982829255537159,1.0008786677349373
0.9990518832655703,1.0011519301098848
0.9986401157466723,1.0016788212622434
0.9984943137879643,1.001953207186909
0.9978425373228539,1.0023904794978837
0.9972670400792887,1.002136490350915
,,egauge28684,egauge26086,egauge5198,egauge7731,egauge4183,egauge23534,egauge18544,egauge30039,egauge8253,egauge19821
,,1,1,0,0,1,0,0.5,1,0.5,0
,,1,1,1,1,1,1,1,1,1,1
0.9999331993154789,1.0001596948114564
0.9994134680365412,1.0014239495973032
0.9988687445455576,1.0024215659030673
0.9984731331421013,1.0030190317161785
0.9992293036248325,1.0003339859532983
0.998775074411395,1.0009365097347558
0.9999331993154789,1.0009309241230284
0.9994134680365412,1.0017279972655624
0.998864003286669,1.00157822885201
0.9994134680365412,1.0020604040655754
0.998897599176903,1.0025546007351487
0.9985484692805697,1.0027935152481404
0.9978825250498257,1.0031066167719012
0.9984731331421015,1.0038892425754922
,,egauge17073,egauge3167,egauge8617,egauge24121,egauge18544,egauge22271,egauge32290,egauge13836,egauge27467,egauge30039
,,0.5,0.5,0.5,0.5,0.5,1,1,0.5,1,0.5
,,1,1,1,1,1,1,1,1,1,1
0.9999124661795702,1.0001416514367085
0.9991843093281803,1.0011635599712083
0.9985752239174747,1.0018553943336599
0.9985177660145329,1.002320301406034
0.9992238343064912,1.0005355150811988
0.9993577373736573,1.0003894623137755
0.9994357680746441,1.0009728306099106
0.9990630725174013,1.0013235615290008
0.9991641007829336,1.0014960011077436
0.9987412265868423,1.0018077050131962
0.9982086571389711,1.001830575936883
0.9985431966216263,1.002370152870482
0.9984355477478022,1.002582894311398
0.9983835897243506,1.0027842169472256
,,egauge7692,egauge22271,egauge20670,egauge19821,egauge4183,egauge13830,egauge8253,egauge18544,egauge26086,egauge9102
,,1,0.5,0.5,1,0,0,0,0,0.5,1
,,1,1,1,1,1,1,1,1,1,1
0.9999109850005201,1.0001671840079978
0.9992857465391481,1.0013533204700682
0.9988705600745498,1.0019955591018783
0.9984304765428788,1.0022906312453026
0.9988550066703107,1.0003169587346117
0.9993558267860081,1.0010029706744537
0.9996298353864148,1.0009653593969468
0.9987403884436168,1.0019514379458514
0.9993059584788793,1.001634782888892
0.9990796636804392,1.001846053057586
0.9985522479757839,1.0020658974508947
0.9988869237645938,1.0024102512328676
0.9984116393899001,1.002516735408792
0.9976732770401137,1.0024515089542765
,,egauge22785,egauge19821,egauge30378,egauge18544,egauge17311,egauge32290,egauge30039,egauge4183,egauge18350,egauge23534
,,1,0,0.5,1,1,0.5,0.5,0.5,0,1
,,1,1,1,1,1,1,1,1,1,1
0.9998957359408024,1.0001447507837187
0.9995125342628784,1.0010107433569109
0.99923711048826,1.001638370747399
0.9989860103993238,1.0018691745168595
0.999016540048242,1.0002196295413996
0.9993597479919337,1.0017241489842872
0.9991492051788572,1.0009708553806886
0.9991790869294062,1.001369183136631
0.9994558135304827,1.0011322770181246
0.9986721467329833,1.0012426013068934
0.9992123687279458,1.0018079586636681
0.9991623252868715,1.0018848851010398
0.998986010399324,1.0019785103683834
0.9985376307828036,1.002142828373177
,,egauge18544,egauge27467,egauge20358,egauge30039,egauge9102,egauge18350,egauge23534,egauge15623,egauge3167,egauge22084
,,1,1,0.5,0.5,1,0.5,0,0,0.5,0
,,1,1,1,1,1,1,1,1,1,1
0.9999377772699424,1.000149477714077
0.999456138304278,1.0011441978502893
0.9994369647338693,1.0019256601110254
0.9994177911658192,1.002464927288903
0.9992303127530566,1.0005819752844292
0.9993597481819064,1.000889584208471
0.9998189437233396,1.0009932733018625
0.9993045489121389,1.0015003636813569
0.9987693670700538,1.0013468051798504
0.9993982999668264,1.0013276495780041
0.9992562699276087,1.002024956488468
0.9994369647338693,1.0020864685559303
0.9993959905965206,1.0025305714991823
0.9994177911658192,1.0032700908732204
,,egauge20407,egauge4183,egauge24121,egauge27467,egauge7731,egauge8253,egauge18544,egauge32290,egauge28684,egauge13974
,,0,0.5,0.5,0.5,0,0,0.5,1,0.5,0
,,1,1,1,1,1,1,1,1,1,1
0.9999244087232547,1.0001368309118475
0.9993603931487132,1.0010167931437035
0.9987677422706929,1.001487224658665
0.9987549698174182,1.0017949655252925
0.9992388914658042,1.0005848990094157
0.9993779166653431,1.0007908325392554
0.9992906290308399,1.0009880044495942
0.999296589760334,1.0014119075883878
0.9993603931487132,1.0013815011181786
0.9993603931487132,1.0014032961853632
0.9987594994442843,1.0016292066875834
0.997818414342675,1.001422951577184
0.9987404473892508,1.0019188707696915
0.9987549698174182,1.0021273189641702
,,egauge26086,egauge23534,egauge4183,egauge13830,egauge28351,egauge33764,egauge2474,egauge7692,egauge18350,egauge27467
,,0.5,0.5,0.5,0,1,1,0.5,0.5,1,0.5
,,1,1,1,1,1,1,1,1,1,1
0.992629085135358,1.0001279737978286
0.9268527333470049,1.0008986585858246
0.8548304573188465,1.0013914539658857
0.7828364924133603,1.0017009956402918
0.992629085135358,1.0005522041292016
0.992629085135358,1.0008863425397398
0.992629085135358,1.000748785315678
0.9268527333470049,1.0011619906498286
0.9268527333470049,1.0010505609983722
0.9268527333470049,1.0013370932314056
0.8548304573188465,1.0014865525964733
0.8548304573188465,1.001562877105735
0.7010207971832286,1.0017884447211305
0.7828364924133602,1.0021298400264382
,,egauge32290,egauge16608,egauge22084,egauge13830,egauge20358,egauge26086,egauge30378,egauge22785,egauge23534,egauge3167
,,0,1,0.5,1,0.5,1,1,0.5,1,1
,,1,1,1,1,1,1,1,1,1,1
0.992629085135358,1.000102683989676
0.9268527333470049,1.000759719584565
0.8548304573188465,1.0010731211406774
0.7828364924133603,1.0012338450782048
0.992629085135358,1.0003895875940614
0.992629085135358,1.0007998984666622
0.992629085135358,1.0006926184945433
0.9268527333470049,1.0009521069071454
0.9268527333470049,1.0009926206137187
0.9268527333470049,1.0014694399007378
0.8548304573188465,1.001159916852309
0.8548304573188465,1.0011266633043303
0.7010207971832286,1.0014675491217966
0.7828364924133602,1.0013232589623167
,,egauge3166,egauge18544,egauge16616,egauge22271,egauge20407,egauge24121,egauge7692,egauge26086,egauge20670,egauge20925
,,0.5,0,0,1,0,1,1,1,0,1
,,1,1,1,1,1,1,1,1,1,1
0.9999184370949389,1.0001553066417652
0.9991109462701467,1.0011058516114988
0.9983834958834762,1.0016850532356822
0.998357963812816,1.0020120979712752
0.9992071421719544,1.0002408845119175
0.9998828097557292,1.0009818349682207
0.9997523315575201,1.001033300290248
0.9990270857204411,1.0014097850870374
0.9991109462701467,1.0014604618149447
0.9981572785634106,1.0013570649393335
0.997979969642684,1.0017388206226394
0.9982020810650406,1.0019744701023379
0.998357963812816,1.002216248686784
0.9982102191925196,1.0022587209367926
