,,egauge9102,egauge23534,egauge32290,egauge30039,egauge22271,egauge7692,egauge16616,egauge13974,egauge18544,egauge20407
,,0.5,0.5,1,1,1,0,1,0,1,0.5
,,1,1,1,1,1,1,1,1,1,1
0.9998667076270629,1.000380028262438
0.9991965287726549,1.0033519359552654
0.9986609317017288,1.0050505122540523
0.9982525866883993,1.0058947569338605
0.9995645287996329,1.0009507996761018
0.9995376746832942,1.0027498116988576
0.997053270532941,1.0002678123393223
0.9988733028991233,1.0042464572426564
0.9990954941898211,1.0045212896041107
0.9991965287726551,1.00461142891478
0.9985744009044266,1.0052540143929858
0.9986609317017288,1.0059874910950886
0.9980095905589463,1.0064516474437406
0.9979112175129027,1.006487447753269
,,egauge7692,egauge9102,egauge30378,egauge8617,egauge27467,egauge13830,egauge3167,egauge18350,egauge13974,egauge28684
,,0,0.5,1,0,1,0,1,0.5,0,1
,,1,1,1,1,1,1,1,1,1,1
0.999900005605787,1.000360699787512
0.9991682681620023,1.0029504971107168
0.9988571544858176,1.0045839233425276
0.9985891224664765,1.0056019697142713
0.999900005605787,1.0010657919810746
0.9992325522996551,1.0014713368635284
0.9981246112403964,1.0016464980434723
0.9991682681620023,1.0035444681182177
0.9983304386053463,1.00384709195712
0.9991682681620021,1.0042884694305374
0.9988365455220649,1.004774858544848
0.9988357955401661,1.005143401791987
0.9985891224664765,1.006231972400081
0.9981409534977073,1.0063777550935173
,,egauge13830,egauge16616,egauge20407,egauge28684,egauge30378,egauge4183,egauge23534,egauge16608,egauge15623,egauge32290
,,0.5,1,0.5,0,1,1,0.5,0,1,1
,,1,1,1,1,1,1,1,1,1,1
0.9998380976046812,1.0003038805487072
0.9986771832951945,1.0023928010536483
0.9976554640010326,1.0036635283539905
0.9966821725275941,1.0039013728921042
0.9995996503573259,1.0012246255125985
0.9992002105142713,1.0013597097039373
0.9989606070182551,1.0014922376944715
0.9986771832951945,1.003103395620987
0.9983447252272831,1.0029638020308722
0.9984460905160389,1.0034371578467862
0.9976225370735331,1.0040575183575948
0.9976554640010326,1.004566688022148
0.9965300862617491,1.004222940039449
0.9952784222415392,1.0038261749487132
,,egauge30378,egauge28684,egauge30039,egauge9102,egauge16608,egauge3167,egauge22271,egauge33764,egauge8617,egauge13974
,,0,1,0,0.5,0,1,1,1,0.5,0.5
,,1,1,1,1,1,1,1,1,1,1
0.9998652712414489,1.000430823067975
0.9988604333060244,1.0031643742696077
0.9978091850666874,1.0051231321303296
0.9975469597519261,1.0059655442566442
0.9998652712414489,1.0012662172903044
0.9990269689980774,1.0018480783059984
0.9998652712414489,1.0028883462568563
0.9988200326770486,1.0036621179199687
0.9988604333060244,1.0040180055791648
0.9987641084065644,1.00403670703629
0.9977268576111675,1.0056050903738618
0.9965524152701544,1.0059092597764232
0.9974527077780004,1.0064262905204122
0.99713130054122,1.006774029062306
,,egauge3167,egauge13830,egauge26086,egauge32290,egauge24121,egauge8617,egauge5198,egauge18158,egauge7692,egauge19821
,,1,0,1,1,0.5,0,0.5,1,0.5,1
,,1,1,1,1,1,1,1,1,1,1
0.9998495684917825,1.0003519664153502
0.9984984796814615,1.0024159548238
0.9977586641382364,1.004088049281336
0.997643879755683,1.0050217427444375
0.999612302084741,1.000932757181699
0.9998695475941811,1.0021917260521291
0.9986124623141199,1.0027522865410168
0.9971678618221222,1.002324676209882
0.9984681918180579,1.0029741943518775
0.9985177390306436,1.0035706812113767
0.997590168951409,1.0043452666266595
0.9968317542462749,1.00469024282601
0.9976045624259798,1.0054389139960416
0.997483944055092,1.0059694700859376
,,egauge3167,egauge13974,egauge18544,egauge23534,egauge18158,egauge22271,egauge28684,egauge9102,egauge13830,egauge16616
,,0.5,1,1,1,0.5,0,0,0,1,0
,,1,1,1,1,1,1,1,1,1,1
0.9998814702036605,1.0004511054606497
0.9994081487976331,1.0036757932771279
0.9990568098246824,1.005618743011582
0.9986930199309011,1.006761157024484
0.9997759381558593,1.0010634586704552
0.9980721830992254,1.002023241010446
0.9989842360162773,1.0021822942467897
0.999207307641471,1.0046113746105347
0.9989988338288613,1.0042720297420855
0.9994706083515887,1.006163290668797
0.9990609327087536,1.0059221569739725
0.9990674922154104,1.006211240306466
0.9982503429179962,1.0071938550921022
0.9987357326973457,1.0080350518949626
,,egauge23534,egauge3167,egauge32290,egauge16608,egauge27467,egauge18158,egauge22271,egauge5198,egauge18350,egauge8617
,,0.5,0.5,1,0,1,0,0.5,1,0.5,0
,,1,1,1,1,1,1,1,1,1,1
0.9998620520180086,1.0002998677725357
0.999044324834906,1.0026256624410812
0.9982082249554631,1.0040921628071493
0.9981826977720204,1.0046970300853877
0.999630682356362,1.0010065234410537
0.9988029792136762,1.0010779342318017
0.9983728871617296,1.0001497295115878
0.999044324834906,1.0031840403042376
0.9989304917254477,1.0033364523913975
0.999044324834906,1.0037785323021118
0.9981561761701762,1.004506145514824
0.9969614973799927,1.0045410016873544
0.9981536730695177,1.004989503364122
0.9981826977720202,1.005288887652702
,,egauge26086,egauge32290,egauge3167,egauge15623,egauge28684,egauge18350,egauge24121,egauge4183,egauge8617,egauge33764
,,0.5,0.5,0,1,0,1,1,1,0,0
,,1,1,1,1,1,1,1,1,1,1
0.9998949626313324,1.0002770016695144
0.9990479031731441,1.0020092423491942
0.9988194328893726,1.0031832764827007
0.9988194328893726,1.0039355373918424
0.9996132193067938,1.0011749449654026
0.9992073378174008,1.0007964874829325
0.9998949626313324,1.0011318276466674
0.9979783492724479,1.0023439377732066
0.9990479031731443,1.0025745568740612
0.9987974484005795,1.0027122834732263
0.9986059350050421,1.0032910081734643
0.998316848112311,1.003623616193645
0.9988194328893728,1.0043375507256405
0.9988194328893726,1.0046021837700168
,,egauge26086,egauge30378,egauge13974,egauge23534,egauge4183,egauge18158,egauge28684,egauge13830,egauge32290,egauge3167
,,0,0.5,0,1,0.5,1,0.5,1,0.5,0.5
,,1,1,1,1,1,1,1,1,1,1
0.9998855881492472,1.00026965913168
0.9989040267735995,1.0016202446080786
0.9984283784335485,1.0026235628764195
0.9980330171872586,1.0030152363668468
0.9998855881492472,1.0012549828158104
0.9990604708136783,1.0011921569967852
0.9998855881492472,1.0018255115903796
0.9984217966782859,1.002240796121248
0.9988333245303058,1.0020967928422935
0.9973286676039186,1.0014053793813231
0.9983995408122613,1.0028430538661792
0.9981384787607304,1.0031065681301514
0.9979894886029295,1.0031904236775264
0.9974359575957109,1.0034125172503674
,,egauge16608,egauge9102,egauge30378,egauge4183,egauge18544,egauge28684,egauge27467,egauge8617,egauge16616,egauge26086
,,0.5,1,1,0.5,1,0,0.5,0,1,0.5
,,1,1,1,1,1,1,1,1,1,1
0.9998851268410315,1.0003056935694745
0.9993852581816155,1.0025911289907297
0.9991501926967412,1.0041680589010809
0.9988181743091615,1.004947107897084
0.9993291331428944,1.0008504769258244
0.9980932597558119,1.0010309734192973
0.9981023913632653,1.0011831096067494
0.9993145156479246,1.0030580664690627
0.9988600240679844,1.0031698013589172
0.9993852581816159,1.0036568367099894
0.999137822907607,1.00447095666037
0.9991501926967412,1.00475954840398
0.998651183849206,1.0052251526521945
0.9985085894918501,1.005840853600039
,,egauge16616,egauge18350,egauge17073,egauge5198,egauge18158,egauge33764,egauge22271,egauge23534,egauge28684,egauge30039
,,1,1,0,1,1,0,0.5,0,1,1
,,1,1,1,1,1,1,1,1,1,1
0.9998487633436343,1.000312046803973
0.9985560227363124,1.002318166970022
0.9979664564469587,1.004112087316817
0.9974374409424133,1.0048458392431239
0.9996301191021775,1.0007294796313049
0.9994756994870957,1.0010765390389418
0.9998487633436343,1.0021289236237787
0.9974568821092205,1.0027443439415353
0.9982431317339169,1.002053933014501
0.9985560227363124,1.0035775222266763
0.9979252830463343,1.0045311945886801
0.9979664564469587,1.0048542200734059
0.9970823404652011,1.0052263219269728
0.9970750957531512,1.0055131996951514
,,egauge7692,egauge23534,egauge30378,egauge33764,egauge15623,egauge32290,egauge13830,egauge5198,egauge3167,egauge16616
,,1,0,1,0,0,0.5,1,0.5,0.5,1
,,1,1,1,1,1,1,1,1,1,1
0.999872269592132,1.0002503201462722
0.9991738522570611,1.0018814570892243
0.9985406064756988,1.0028948678291527
0.9981058698051022,1.0033716330575895
0.9988152180780917,1.0007150610655113
0.999872269592132,1.001634657250885
0.9981064206952939,1.0011416815640104
0.9991738522570611,1.0025205533941612
0.9991738522570611,1.0023277088818978
0.9987115209937955,1.002359781091714
0.998478805762944,1.003072993647821
0.9979325270497309,1.0033565421583965
0.9976997423520536,1.0036491629123165
0.9978498615929929,1.0037950639119164
,,egauge33764,egauge16616,egauge17073,egauge27467,egauge7692,egauge15623,egauge3167,egauge18158,egauge28684,egauge30039
,,0,1,1,0,0.5,0.5,1,1,1,1
,,1,1,1,1,1,1,1,1,1,1
0.9998493442145422,1.0002648275452037
0.9987287931787533,1.001805112868177
0.9975983613722136,1.0025642025855555
0.9974389719141272,1.0032515859587898
0.9998493442145422,1.00095787484911
0.9993701235869392,1.0010446952777954
0.9973928348480439,1.0018266841741654
0.9987287931787534,1.0025659824337352
0.9985672680316546,1.00225132458082
0.9980728238466383,1.0025404535581224
0.9971417602179394,1.0027132680827127
0.9970974590291252,1.0023175622286884
0.997337483692264,1.0036022615543572
0.9973217082172511,1.0038854407030706
,,egauge30378,egauge22271,egauge32290,egauge24121,egauge18350,egauge4183,egauge16616,egauge8617,egauge5198,egauge15623
,,0,1,0,0.5,1,0,0.5,0.5,1,1
,,1,1,1,1,1,1,1,1,1,1
0.9998673522487395,1.0003225862165592
0.9988007459627765,1.0021210915900467
0.9977854393980702,1.00335747548614
0.9968749988055151,1.0038395190022162
0.9998673522487395,1.0009380935002217
0.9981219808240201,1.0022659674944339
0.9998673522487395,1.0015582760531718
0.9986290819436404,1.002506572225931
0.9987098563428768,1.0024964235428098
0.9988007459627767,1.0032015407983483
0.9977401585240392,1.003651511934122
0.9977214470959452,1.0039053968412626
0.9960317947091176,1.0041464421067008
0.9964786395358689,1.0041946582404122
,,egauge16608,egauge24121,egauge22271,egauge32290,egauge5198,egauge7692,egauge23534,egauge27467,egauge15623,egauge30039
,,0,0,0.5,0.5,1,0,1,0.5,1,0.5
,,1,1,1,1,1,1,1,1,1,1
0.9998725732040136,1.0003381409360266
0.9986903515604083,1.0023064290545238
0.9976715498904145,1.0038034415567065
0.9968884002251976,1.0044468016175463
0.9998725732040136,1.000944806130834
0.9998725732040133,1.0013101699102183
0.9989723576017849,1.0025225374168738
0.9984480542589796,1.0025499030757103
0.9975507443104866,1.0027224482056218
0.9986903515604083,1.0032166537453164
0.9974781371702702,1.0040647215268843
0.9976395568403486,1.0045883509562006
0.9961210974813187,1.0046881090923618
0.9967073066605097,1.0051676886023486
,,egauge16608,egauge30378,egauge32290,egauge27467,egauge28684,egauge8617,egauge16616,egauge19821,egauge30039,egauge26086
,,1,1,1,0.5,1,0.5,0.5,0.5,0,0
,,1,1,1,1,1,1,1,1,1,1
0.999816386725449,1.0003222858372114
0.99938776768417,1.003022492385307
0.9991177708118026,1.004971324852331
0.9991177708118026,1.006035125005525
0.9986919310314376,1.0008354483428563
0.998168365212136,1.0011370458862525
0.9983620658355655,1.0001725366072867
0.9993271303235786,1.0037641179491268
0.9989460232867376,1.0035236225473885
0.9991570519593209,1.0040245764666658
0.9990765411727501,1.0052578903828144
0.9986737894383307,1.0057530255046447
0.9991177708118026,1.0065783805202964
0.9991177708118026,1.0070199607567594
,,egauge17073,egauge30378,egauge30039,egauge8617,egauge3167,egauge23534,egauge4183,egauge24121,egauge15623,egauge33764
,,1,0,1,0.5,0,0,0,1,0,1
,,1,1,1,1,1,1,1,1,1,1
0.9998635378400605,1.0003198673038305
0.9991443168946296,1.0022118131624946
0.9982951808535706,1.0033512559319493
0.9978044998504136,1.0039942150217924
0.9986810317677753,1.001099569561288
0.9998953082507877,1.0014599632621064
0.9983015056885639,1.001682339246153
0.9991140058450931,1.0027350432778104
0.999164525448518,1.0026074851290019
0.9992406960831818,1.0035614606199357
0.9983116577695977,1.003571489799602
0.997655307788965,1.0036412417693594
0.9978262599150097,1.0043085056621668
0.9969520471644365,1.004607103125382
,,egauge5198,egauge30378,egauge16608,egauge16616,egauge32290,egauge13974,egauge22271,egauge26086,egauge4183,egauge24121
,,1,0.5,0.5,0,0.5,1,0,0,0,0
,,1,1,1,1,1,1,1,1,1,1
0.999834581805835,1.0003655815657475
0.999225532050901,1.0030692752886177
0.9992255320509007,1.0049605989625887
0.9992255320509007,1.0056305437380766
0.9986373451854608,1.000811159322908
0.9990655882772136,1.001299289885128
0.9987897612138947,1.0014852954077058
0.999225532050901,1.0040855843255312
0.9989931805674078,1.0033231252354335
0.997455890998004,1.0041744095735918
0.9992255320509007,1.0053925921740694
0.9992255320509007,1.0059406034961809
0.9992255320509007,1.006040686468162
0.9992255320509007,1.006147595170197
,,egauge20407,egauge33764,egauge32290,egauge24121,egauge27467,egauge4183,egauge16616,egauge13830,egauge26086,egauge19821
,,0,0.5,0,1,0.5,0,0,0,0,0
,,1,1,1,1,1,1,1,1,1,1
0.9999586826975155,1.0004215966687087
0.9996709483480779,1.003146723947701
0.9996892145145028,1.0052385241143984
0.9996892145145028,1.0063542983388707
0.9999677173442807,1.0014070973455746
0.9991801191061211,1.0016293128374483
0.9999677173442807,1.0016594937021963
0.9989335358708084,1.0034107551095428
0.9995982292901864,1.0038864883735403
0.9996892145145033,1.0042305784426877
0.9996892145145025,1.005647580378423
0.9996892145145028,1.00587386218136
0.999689214514503,1.0070288855493021
0.9996892145145028,1.0072279284583656
,,egauge7692,egauge5198,egauge13974,egauge22271,egauge15623,egauge28684,egauge33764,egauge3167,egauge16616,egauge30378
,,0.5,1,0.5,0.5,0,0.5,1,0,0.5,1
,,1,1,1,1,1,1,1,1,1,1
0.999816780756726,1.0003198161950244
0.9990331960563238,1.0025297354823537
0.9982696419232653,1.0037790714673407
0.9976977332156503,1.004454519539968
0.9993823130414359,1.0008099269235922
0.9975302837270207,1.0011705779631153
0.9988342699020604,1.001707553183531
0.9989220808641593,1.0035555660003401
0.9990331960563238,1.002976328117019
0.9988041864539243,1.0035569286747832
0.9979484800012096,1.003998860822794
0.9982776431591536,1.004198213705324
0.9976179659773797,1.0049226373481523
0.9968453883452169,1.0048955155009565
,,egauge30378,egauge26086,egauge18544,egauge3167,egauge20407,egauge9102,egauge17073,egauge24121,egauge23534,egauge19821
,,1,1,0,0.5,0,1,0.5,1,0.5,0
,,1,1,1,1,1,1,1,1,1,1
0.999869714505278,1.0003427691903302
0.9991271252486963,1.002636706843802
0.9984181393194843,1.0042082162769679
0.9984117582207914,1.0051548915291553
0.9989858664093623,1.0007783794379235
0.9987334458014014,1.0018944313294522
0.9998697145052777,1.001735864003494
0.9985987109687826,1.0030224219452126
0.9991271252486963,1.0035711454057452
0.9973960772552632,1.003312120254719
0.9982286732773715,1.0045194303057323
0.9976396412945663,1.0044877402230037
0.9983754678070216,1.0056380454521023
0.9984544568048419,1.0060272920513322
,,egauge27467,egauge5198,egauge23534,egauge24121,egauge8617,egauge16616,egauge22271,egauge13830,egauge13974,egauge18158
,,1,0.5,0.5,0.5,1,0,0.5,0,1,0.5
,,1,1,1,1,1,1,1,1,1,1
0.9998586585619145,1.0003501062083242
0.9990142254715914,1.0026591803463043
0.9982198779040506,1.0041127093211168
0.9974679316137133,1.004588760294801
0.9997306537135019,1.001099667966023
0.9987213664978678,1.001223812263711
0.9993043817285334,1.0017637227057172
0.9987314888579412,1.0030143813832646
0.9988722922395343,1.0031566261834168
0.9990142254715911,1.004619491131945
0.9981910474091163,1.0045193599703839
0.9982198779040506,1.004747203295596
0.9968303891815472,1.0050057160979549
0.9971481876475725,1.0047715855034653
,,egauge13830,egauge18350,egauge23534,egauge3167,egauge26086,egauge20407,egauge17073,egauge18544,egauge24121,egauge9102
,,0.5,1,1,1,1,0.5,1,1,0.5,0
,,1,1,1,1,1,1,1,1,1,1
0.9998388167169004,1.000297708486231
0.998573988732918,1.0022470720975805
0.9980409430224744,1.0035225407969626
0.9978197357078523,1.0040111208746496
0.9997081045155135,1.000883921455691
0.9994558572865939,1.0010572375492877
0.9987249971189388,1.001647798639746
0.9974644268597824,1.0026123098796988
0.9981803803020187,1.0030184977493994
0.997703658435526,1.0029246662368219
0.9976458084748073,1.0038132461430331
0.9977797983742509,1.0041458431876793
0.9975586974600962,1.0042815484457368
0.9978304024656374,1.0044303784233135
,,egauge13830,egauge27467,egauge28684,egauge18158,egauge7692,egauge17073,egauge15623,egauge23534,egauge33764,egauge20407
,,0,0.5,0,1,0,0,0,0,1,1
,,1,1,1,1,1,1,1,1,1,1
0.999871324147078,1.00026547175738
0.9987131019136619,1.0016621888102046
0.9977015287500719,1.0025807930647113
0.9966899621379863,1.0027991797351479
0.999871324147078,1.0009075313672082
0.9997486670257757,1.0017252247912671
0.999871324147078,1.0015024991810308
0.9982376518628422,1.001420243127359
0.9987131019136619,1.0021387607168388
0.9987131019136617,1.0032995708200398
0.9977015287500719,1.0027588530884268
0.9977015287500719,1.0033215889526461
0.9962394473381587,1.0032079586506655
0.9953174719793269,1.0025631945186482
,,egauge7692,egauge9102,egauge13830,egauge20407,egauge19821,egauge30378,egauge18350,egauge16608,egauge8617,egauge5198
,,1,0.5,0.5,0,0,0,0,0.5,1,0
,,1,1,1,1,1,1,1,1,1,1
0.9999070994891129,1.000319347390286
0.9994923085628118,1.0026335506598592
0.9990070693956905,1.0038469564804564
0.9988346617363557,1.0044451773958976
0.9988391464849663,1.0007818782634352
0.9990423920322887,1.0010705182160238
0.9995961956782098,1.0015458233173329
0.9994923085628118,1.003545245506749
0.9994923085628118,1.0034584339460182
0.9994923085628113,1.0037181080911575
0.9990070693956905,1.0040335782670335
0.998483993517714,1.004416707546619
0.9986386324221318,1.0047962147713385
0.9988346617363557,1.0049300542286854
,,egauge17073,egauge13974,egauge30378,egauge9102,egauge5198,egauge4183,egauge33764,egauge27467,egauge19821,egauge18350
,,0,0.5,1,1,0.5,0,1,1,1,1
,,1,1,1,1,1,1,1,1,1,1
0.99983783349161,1.0003224439153755
0.9987866268059553,1.0023064312437493
0.9980567150257297,1.0037223948564211
0.9975786502300098,1.0043591612275
0.99983783349161,1.001222052494496
0.9989307815967614,1.001623742124273
0.9980682666530603,1.0011624217812516
0.998232862505632,1.002642942488046
0.9982012456452497,1.0027427544513159
0.9987866268059553,1.003378643571457
0.9979373102700048,1.003954613678774
0.9979286989768621,1.004474773715089
0.9970419638106214,1.004827227979716
0.9974826889654036,1.0047355530851738
,,egauge8617,egauge17073,egauge7692,egauge18158,egauge28684,egauge15623,egauge26086,egauge30039,egauge24121,egauge23534
,,1,1,0.5,0,0.5,0,1,0.5,1,0.5
,,1,1,1,1,1,1,1,1,1,1
0.9998704032126696,1.0003313185652123
0.9992741602351207,1.002505308341101
0.9986361165903858,1.0039857346060501
0.9982004022734519,1.0045777176085788
0.9993693204185125,1.000853331252201
0.9975688820755121,1.0017910591916652
0.9988379395409164,1.0013167141221146
0.9992741602351207,1.0031042390934921
0.9990316954556517,1.0030688998938186
0.9992741602351207,1.003344013119292
0.9984301261214559,1.0042968671704422
0.998395185290025,1.004718700024165
0.9976710041432234,1.004767856509097
0.9980673518519079,1.0052879456685497
,,egauge18350,egauge27467,egauge16608,egauge24121,egauge16616,egauge4183,egauge13974,egauge18158,egauge28684,egauge7692
,,0,0.5,1,1,0.5,0,1,0.5,0,1
,,1,1,1,1,1,1,1,1,1,1
0.999854689565614,1.0002849335860413
0.9987434211339697,1.0020441447299684
0.9977112861085896,1.0030817009815256
0.9972412437348082,1.0037102168455574
0.9998563437368025,1.0007726838851287
0.9997375198055429,1.0017432995644708
0.997616976354902,1.0013084112344608
0.9981793941947323,1.002322148602064
0.9986222475321249,1.0027341367023404
0.9987434211339695,1.0031285548327902
0.9973598520394346,1.0033065413104993
0.9974127645544189,1.0032934248449
0.9972774869493828,1.0041413680738474
0.9962756172725006,1.0041830878261326
,,egauge4183,egauge5198,egauge13974,egauge32290,egauge33764,egauge8617,egauge18350,egauge13830,egauge20407,egauge19821
,,1,0.5,0.5,0.5,1,1,0,0,0.5,0
,,1,1,1,1,1,1,1,1,1,1
0.9998540653789088,1.0002982889833976
0.9990963415908424,1.0022658214517102
0.998721262719394,1.003666178859839
0.9983129740530036,1.0044125542967284
0.9993215250715753,1.0007148013870557
0.9986999879509775,1.0011787134553538
0.9988763519944261,1.0016894373433634
0.9988539278349797,1.002518804523998
0.9982888349389687,1.0028341173229611
0.9984395116839868,1.0031953894465422
0.998721262719394,1.0038486137895863
0.998721262719394,1.0043110999141065
0.9978487462725508,1.0046684806593893
0.9983129740530036,1.0052841939466686
,,egauge23534,egauge3167,egauge15623,egauge30378,egauge33764,egauge26086,egauge18158,egauge18544,egauge27467,egauge8617
,,0.5,0,1,1,0.5,1,0,1,1,0.5
,,1,1,1,1,1,1,1,1,1,1
0.999857469991607,1.0003232396594708
0.9990350926343883,1.0025828305173163
0.9987648248430857,1.0040946384568101
0.9986881996455231,1.004879909449038
0.9996127538251284,1.0010286033103328
0.9998574699916071,1.0011147109905583
0.9975978713300905,1.0010432673253928
0.9982276444979222,1.0028989555196974
0.9988835787535216,1.0031697057664677
0.9980498585019032,1.0040367175127685
0.9987648248430857,1.0043412589875964
0.9982099034454517,1.0047075991458463
0.9986413401600734,1.0053921974380085
0.9986241388673428,1.0054395829022622
,,egauge13830,egauge26086,egauge30378,egauge15623,egauge4183,egauge13974,egauge8617,egauge5198,egauge22271,egauge28684
,,0,1,0.5,1,1,1,1,0,0,0.5
,,1,1,1,1,1,1,1,1,1,1
0.9998680640854881,1.0003407826864057
0.9990264795641317,1.0024805439632931
0.9988528753996254,1.004073354323879
0.9987592972687529,1.0050778906278477
0.9998680640854881,1.0009856522075053
0.9987439438617453,1.001908522942372
0.9990135256566027,1.0013343670805102
0.9980547129265682,1.0028154246920935
0.9986579951598159,1.0028560341274468
0.9972867123889629,1.0035849055115853
0.9987217403341742,1.0042766220426014
0.9988528753996254,1.0045571837543414
0.9987592972687529,1.0058394010680116
0.9985671279532892,1.0056439442386016
,,egauge13974,egauge9102,egauge22271,egauge13830,egauge26086,egauge16616,egauge5198,egauge30378,egauge20407,egauge4183
,,1,0.5,1,0.5,0,0.5,0,0,1,0.5
,,1,1,1,1,1,1,1,1,1,1
0.9998255962805447,1.0002999590154027
0.9989291917820321,1.0021297889457799
0.9980504612309293,1.0028921060926694
0.9971717356248853,1.0030409368405933
0.998843075091137,1.0009075013405309
0.9990316800590423,1.001047196301628
0.9979747940842862,1.0023768117387282
0.9988584874189911,1.0026386683760473
0.9989291917820321,1.003063669068394
0.9987365481898822,1.0034470654726986
0.9980504612309293,1.0030785181126056
0.9980504612309293,1.003461216728026
0.9962233493595759,1.0028804068216046
0.9970971331962782,1.0035349248529613
,,egauge18158,egauge13974,egauge16616,egauge19821,egauge16608,egauge4183,egauge5198,egauge28684,egauge13830,egauge26086
,,0,0,1,0,0,0.5,1,0.5,0,0.5
,,1,1,1,1,1,1,1,1,1,1
0.9998972893602345,1.0003562738498268
0.9990151567271226,1.0027157989516848
0.9980747317758957,1.004221293493109
0.9979471595313355,1.0051357462572932
0.9998972893602347,1.0009930196410588
0.9998972893602347,1.0018180617253594
0.9993891724717793,1.001220164711316
0.9990151567271226,1.0035384798429927
0.9990151567271226,1.0032800149465095
0.9988802833492008,1.0036070669279895
0.9976261016616158,1.0043913982574715
0.9978187338037551,1.0047912955296376
0.9979471595313355,1.0055749445904445
0.997718577216313,1.0060336727374264
,,egauge23534,egauge16616,egauge22271,egauge30378,egauge8617,egauge18158,egauge3167,egauge7692,egauge27467,egauge13830
,,0.5,1,0.5,0.5,1,0,0,0.5,1,0.5
,,1,1,1,1,1,1,1,1,1,1
0.9999102300789051,1.0003307790042206
0.9993439261878913,1.0022487245414913
0.9988970403129014,1.0035350129903668
0.9987693248758904,1.0043133247020455
0.9996460313220181,1.0010363090263077
0.9993982233344287,1.0011405875965214
0.9989625716049882,1.0025073409263296
0.9990778424806072,1.002674866574254
0.9990389440363807,1.0027459317839085
0.9993439261878913,1.0033971261581816
0.9988970403129014,1.0036925414438518
0.9983633650307562,1.0040077863031203
0.998667676533793,1.0048179534611028
0.9987052579462885,1.004872625194916
,,egauge18158,egauge8617,egauge15623,egauge30039,egauge24121,egauge26086,egauge18544,egauge19821,egauge3167,egauge23534
,,0,1,0.5,0,1,0.5,0,0,1,1
,,1,1,1,1,1,1,1,1,1,1
0.9998637044724236,1.0003415233252313
0.9987796247655382,1.0027341066430593
0.9978373076341484,1.0042749479207154
0.9968949961913869,1.0049121964137726
0.9998637044724238,1.0009792561256319
0.9989573853551793,1.0013221598717494
0.9987746715539138,1.0011766969916598
0.9987796247655382,1.0035039157042343
0.9984969281841085,1.003015582749039
0.9984036810669623,1.0043630844855203
0.9978373076341482,1.0045363728696002
0.9978373076341484,1.0051565338013082
0.9960842966004256,1.0051755917768932
0.9965115930099797,1.005590382039586
,,egauge26086,egauge3167,egauge13830,egauge32290,egauge27467,egauge7692,egauge15623,egauge18544,egauge19821,egauge30039
,,0.5,0,1,0.5,0,0,0.5,0,0.5,0.5
,,1,1,1,1,1,1,1,1,1,1
0.9999146480379552,1.0003366012366661
0.9992587364291304,1.0025189606543585
0.9986631939231061,1.0040769810290127
0.998388760256629,1.0049976695510043
0.999619829287629,1.0012354182534395
0.9999146480379552,1.0011292815620743
0.9990420588160317,1.0014150102342114
0.9990364757918079,1.0027681432998647
0.9992587364291304,1.0032658031576975
0.9992587364291304,1.003448806010707
0.9984448401528045,1.004230461142077
0.9986631939231061,1.0047652641429823
0.9982000892639733,1.0055246762902907
0.9982073442757329,1.005762128273518
,,egauge13974,egauge4183,egauge27467,egauge30378,egauge18544,egauge32290,egauge22271,egauge18350,egauge19821,egauge16608
,,1,0,0.5,1,0,0,1,0,0,0.5
,,1,1,1,1,1,1,1,1,1,1
0.9998611739453097,1.0003615917612911
0.9990634968551484,1.0027533011697825
0.9986606414338857,1.0044724764223565
0.9983608012386509,1.0053225982850982
0.9989013930315348,1.000971860395355
0.9998611739453097,1.001482527937313
0.9997328841695148,1.0019264958257377
0.998256021703186,1.0031630428681797
0.9990634968551484,1.0033930549435026
0.9990634968551484,1.0038386182590247
0.9984238899035878,1.0048709944420444
0.9986606414338857,1.0049565337941972
0.9983608012386509,1.0059230802595935
0.997859446820367,1.0058610112228796
,,egauge8617,egauge28684,egauge7692,egauge16616,egauge19821,egauge18350,egauge9102,egauge17073,egauge30378,egauge32290
,,0.5,1,0,0.5,1,0,1,0,1,0
,,1,1,1,1,1,1,1,1,1,1
0.9998898701675089,1.000318852739451
0.9989105692438226,1.0024792744223134
0.9983460459522594,1.0038254359920489
0.997818224158216,1.0044494309252021
0.9996897004767608,1.0008718207676994
0.9989396202850611,1.001374812894472
0.9998898701675089,1.001345102632354
0.9988095688572596,1.0031289802050969
0.9981164048868576,1.003118820855613
0.9989105692438222,1.0033509032800951
0.9980154540666228,1.0039622802469401
0.9983460459522594,1.0046964721606708
0.9972093867597493,1.0047492572726169
0.997818224158216,1.0050518803383985
,,egauge3167,egauge18158,egauge5198,egauge8617,egauge13974,egauge22271,egauge19821,egauge4183,egauge16616,egauge24121
,,1,0,0.5,1,1,0.5,0,0,1,1
,,1,1,1,1,1,1,1,1,1,1
0.9998504248572633,1.0003165400509797
0.9989319214828823,1.0025468704601337
0.9984270974212115,1.0038124745802364
0.9978725040165431,1.0042368511384432
0.998670200084927,1.0007119066308514
0.9998504248572633,1.0015075877322668
0.9986431965256242,1.0012596330926424
0.9988441726546834,1.0030401625641105
0.9980810063408468,1.0031034499234714
0.9984263986813627,1.0045252905124373
0.9984435769170019,1.0041484390916748
0.9984697967806602,1.0044042567037947
0.9977709636038904,1.0045173206138338
0.9970945092143401,1.0045378946467527
,,egauge17073,egauge7692,egauge27467,egauge33764,egauge30378,egauge9102,egauge22271,egauge15623,egauge13974,egauge32290
,,0.5,1,0.5,1,0.5,0.5,1,1,1,0
,,1,1,1,1,1,1,1,1,1,1
0.99984241680646,1.0003369677299174
0.9986522696485565,1.0024074229710513
0.9977595715762331,1.003914366185648
0.997193466572998,1.0046479294212813
0.9993634586956534,1.0011644598071283
0.9978936636618152,1.0012114498229605
0.9997197542333802,1.001901826273894
0.9978684210315918,1.0029453449649883
0.9982485360690556,1.0028336448313737
0.9985174541535498,1.0030863635669738
0.9976854804332482,1.0042960217831902
0.9969338698348724,1.0042690553778275
0.99652718426121,1.005064917963949
0.997193466572998,1.0052612892040178
,,egauge18350,egauge33764,egauge13830,egauge16608,egauge5198,egauge28684,egauge8617,egauge15623,egauge24121,egauge30039
,,0.5,0,1,1,0.5,0,1,1,0,1
,,1,1,1,1,1,1,1,1,1,1
0.9998775944312649,1.0002902968319485
0.9987812741815771,1.002177359170348
0.9979892038078085,1.003363905993372
0.9977724134848527,1.004084125365501
0.9998128277547315,1.0007184274682055
0.9998775944312649,1.0015778232893058
0.9990458981292932,1.001337400305097
0.9978329665716503,1.002664372523227
0.9982765905237276,1.0026237667882756
0.9987812741815771,1.0033049721994733
0.9979562638266825,1.0035587131085086
0.9968598261049662,1.0037015479963889
0.9977724134848527,1.004442326810885
0.9974099241994137,1.0047616508530848
,,egauge30039,egauge27467,egauge33764,egauge18158,egauge28684,egauge19821,egauge20407,egauge5198,egauge17073,egauge22271
,,1,0.5,1,0.5,0,1,0,0,0.5,1
,,1,1,1,1,1,1,1,1,1,1
0.9998804122882365,1.0003810483510722
0.9990156474289711,1.0028705564144318
0.9985209724437979,1.0047988246726707
0.997845415893401,1.005877292451182
0.9992343525282061,1.001054617811599
0.9997471593074329,1.0018417258107786
0.998016672859792,1.0016222931857326
0.9988035480680805,1.0030431174889927
0.9990156474289711,1.0034290954168172
0.9973934008328285,1.0041113162424917
0.9985209724437979,1.0051767228594863
0.9985209724437979,1.0052938357201284
0.997729375297518,1.0064357931618608
0.9968864870218536,1.0068799394501102
,,egauge16616,egauge17073,egauge30039,egauge3167,egauge32290,egauge33764,egauge23534,egauge8617,egauge27467,egauge30378
,,0,0,1,0,1,0,0,1,1,1
,,1,1,1,1,1,1,1,1,1,1
0.9998846452381428,1.0003420499016444
0.9990341711385852,1.0020930560941417
0.9983585591616992,1.0034658605421283
0.9977467752532172,1.0041153208108669
0.999884645238143,1.0014220821056319
0.9998846452381426,1.0020435233185045
0.9982848736164451,1.0016903125716203
0.9990341711385854,1.0024886726695201
0.9984801366095867,1.002022086934451
0.9990341711385852,1.0033127681516536
0.9983585591616992,1.0037436247861615
0.9982059181857891,1.0039923485877738
0.9976597520890944,1.0046271483660063
0.9968518055909973,1.0044485838914756
,,egauge4183,egauge13974,egauge13830,egauge28684,egauge33764,egauge22271,egauge18544,egauge9102,egauge17073,egauge8617
,,0,0,0.5,1,0,1,1,0,0.5,1
,,1,1,1,1,1,1,1,1,1,1
0.9999156325126254,1.0003614343654392
0.999134013650309,1.0027875238086603
0.9988251593778366,1.0041958997083247
0.9983275149574032,1.0049919235214329
0.9999156325126254,1.0009564356611016
0.9999156325126252,1.0018184929870582
0.9995854917217798,1.0015497268687643
0.9988546067918802,1.0033256868243157
0.999134013650309,1.0034476295841381
0.9974029606912955,1.0046200584045852
0.9986589059145908,1.0044489995400168
0.9988251593778366,1.0046098845215061
0.9981170949122905,1.005562872903112
0.9978048591638037,1.0055193573467651
